input_tokens,output_tokens,input_cost,output_cost,total_cost,latency
219,128.0,2.1900000000000004e-05,0.0005120000000000001,0.0005339000000000001,4.283029317855835
314,343.0,3.1400000000000004e-05,0.0013720000000000004,0.0014034000000000004,3.257641315460205
205,76.0,2.05e-05,0.000304,0.00032450000000000003,2.6811373233795166
263,219.0,2.6300000000000002e-05,0.0008760000000000002,0.0009023000000000002,3.1257917881011963
254,261.0,2.54e-05,0.001044,0.0010694,3.030575752258301
217,167.0,2.1700000000000002e-05,0.000668,0.0006897,2.936863899230957
217,11.0,2.1700000000000002e-05,4.4e-05,6.57e-05,2.96748948097229
203,11.0,2.0300000000000002e-05,4.4e-05,6.43e-05,2.983820676803589
196,73.0,1.9600000000000002e-05,0.000292,0.0003116,3.1115543842315674
296,277.0,2.96e-05,0.001108,0.0011376000000000001,3.4374985694885254
288,182.0,2.8800000000000002e-05,0.0007279999999999999,0.0007568,3.289344072341919
270,209.0,2.7e-05,0.0008360000000000002,0.0008630000000000002,3.3955790996551514
336,397.0,3.3600000000000004e-05,0.001588,0.0016216,3.9416704177856445
214,115.0,2.1400000000000002e-05,0.00046,0.0004814,3.1260106563568115
219,32.0,2.1900000000000004e-05,0.00012800000000000002,0.0001499,3.1705703735351562
256,108.0,2.5600000000000002e-05,0.000432,0.0004576,3.2727837562561035
217,11.0,2.1700000000000002e-05,4.4e-05,6.57e-05,3.0168654918670654
255,84.0,2.55e-05,0.00033600000000000004,0.00036150000000000006,3.252563953399658
260,141.0,2.6e-05,0.000564,0.00059,3.435321807861328
199,11.0,1.9900000000000003e-05,4.4e-05,6.390000000000001e-05,3.1751625537872314
204,49.0,2.04e-05,0.00019600000000000002,0.00021640000000000003,3.140308141708374
197,11.0,1.9700000000000005e-05,4.4e-05,6.37e-05,3.1855568885803223
227,42.0,2.2700000000000003e-05,0.00016800000000000002,0.00019070000000000003,3.0924789905548096
193,40.0,1.93e-05,0.00015999999999999999,0.0001793,3.3056929111480713
216,11.0,2.16e-05,4.4e-05,6.56e-05,2.972675085067749
360,438.0,3.6e-05,0.0017520000000000003,0.0017880000000000003,3.905258893966675
286,262.0,2.86e-05,0.001048,0.0010766,3.366393804550171
240,88.0,2.4e-05,0.000352,0.000376,2.9542829990386963
316,123.0,3.16e-05,0.000492,0.0005236,3.218750238418579
292,165.0,2.92e-05,0.00066,0.0006892,3.3279221057891846
194,67.0,1.94e-05,0.000268,0.0002874,3.114051580429077
216,11.0,2.16e-05,4.4e-05,6.56e-05,3.0270535945892334
382,486.0,3.82e-05,0.001944,0.0019822,4.132390022277832
240,118.0,2.4e-05,0.00047200000000000003,0.000496,3.3498857021331787
216,104.0,2.16e-05,0.00041600000000000003,0.0004376,3.373918056488037
250,178.0,2.5e-05,0.0007120000000000001,0.000737,3.778169870376587
225,108.0,2.25e-05,0.000432,0.0004545,3.414193630218506
240,128.0,2.4e-05,0.0005120000000000001,0.0005360000000000001,3.4212381839752197
290,177.0,2.9e-05,0.000708,0.000737,3.3684475421905518
235,105.0,2.35e-05,0.00041999999999999996,0.00044349999999999994,3.1376545429229736
257,249.0,2.57e-05,0.0009960000000000001,0.0010217000000000002,3.4653408527374268
222,49.0,2.2200000000000004e-05,0.00019600000000000002,0.00021820000000000002,3.184539556503296
212,145.0,2.1200000000000004e-05,0.00058,0.0006012,3.4226155281066895
212,32.0,2.1200000000000004e-05,0.00012800000000000002,0.00014920000000000002,3.0545623302459717
362,414.0,3.6200000000000006e-05,0.0016560000000000001,0.0016922,3.974872350692749
288,232.0,2.8800000000000002e-05,0.000928,0.0009568000000000001,3.3457999229431152
183,69.0,1.83e-05,0.000276,0.0002943,3.0921647548675537
191,65.0,1.91e-05,0.00026,0.00027909999999999995,3.2109878063201904
294,325.0,2.9400000000000003e-05,0.0013,0.0013294,3.529144048690796
279,240.0,2.79e-05,0.00096,0.0009879,3.3888909816741943
265,316.0,2.65e-05,0.0012640000000000001,0.0012905000000000002,3.743983030319214
227,10.0,2.2700000000000003e-05,3.9999999999999996e-05,6.27e-05,2.9295971393585205
234,85.0,2.3400000000000003e-05,0.00034,0.00036340000000000005,3.168884515762329
249,111.0,2.4900000000000002e-05,0.00044400000000000006,0.00046890000000000007,3.1313769817352295
207,75.0,2.0700000000000002e-05,0.00030000000000000003,0.00032070000000000004,3.5489096641540527
250,205.0,2.5e-05,0.00082,0.0008449999999999999,3.6373181343078613
196,71.0,1.9600000000000002e-05,0.000284,0.0003036,3.167182683944702
250,255.0,2.5e-05,0.00102,0.0010450000000000001,3.4902796745300293
292,493.0,2.92e-05,0.0019720000000000002,0.0020012000000000003,4.022762775421143
228,140.0,2.2800000000000002e-05,0.00056,0.0005828,3.0773980617523193
219,82.0,2.1900000000000004e-05,0.00032800000000000006,0.00034990000000000005,3.1474099159240723
363,468.0,3.63e-05,0.0018720000000000002,0.0019083000000000001,3.9039711952209473
292,321.0,2.92e-05,0.001284,0.0013132,3.3307130336761475
213,103.0,2.13e-05,0.00041200000000000004,0.0004333,3.414325475692749
272,142.0,2.7200000000000004e-05,0.000568,0.0005952,3.311245918273926
223,168.0,2.23e-05,0.0006720000000000001,0.0006943000000000001,3.321939706802368
211,43.0,2.11e-05,0.00017199999999999998,0.00019309999999999998,3.004427194595337
311,235.0,3.1100000000000004e-05,0.00094,0.0009711,3.668992519378662
246,143.0,2.46e-05,0.000572,0.0005966000000000001,4.569222688674927
225,215.0,2.25e-05,0.0008600000000000001,0.0008825,4.398284673690796
250,113.0,2.5e-05,0.00045200000000000004,0.00047700000000000005,4.23262095451355
279,168.0,2.79e-05,0.0006720000000000001,0.0006999,4.464011907577515
208,84.0,2.08e-05,0.00033600000000000004,0.00035680000000000005,3.664529323577881
219,98.0,2.1900000000000004e-05,0.00039200000000000004,0.00041390000000000003,3.852144479751587
321,388.0,3.21e-05,0.001552,0.0015841,4.590001344680786
218,206.0,2.18e-05,0.0008240000000000001,0.0008458000000000001,3.7955708503723145
285,182.0,2.85e-05,0.0007279999999999999,0.0007564999999999999,3.7575008869171143
228,90.0,2.2800000000000002e-05,0.00036,0.00038280000000000003,3.521115303039551
221,117.0,2.2100000000000002e-05,0.00046800000000000005,0.0004901,3.5729732513427734
274,270.0,2.7400000000000002e-05,0.00108,0.0011074,4.025768756866455
235,174.0,2.35e-05,0.0006960000000000001,0.0007195000000000001,3.6860408782958984
238,145.0,2.38e-05,0.00058,0.0006038,3.772627592086792
264,233.0,2.64e-05,0.000932,0.0009584,4.462946891784668
267,188.0,2.6700000000000002e-05,0.000752,0.0007787,4.037981986999512
326,406.0,3.26e-05,0.0016240000000000002,0.0016566000000000003,4.8323962688446045
243,75.0,2.43e-05,0.00030000000000000003,0.0003243,5.460902690887451
279,230.0,2.79e-05,0.00092,0.0009479,4.2958083152771
203,11.0,2.0300000000000002e-05,4.4e-05,6.43e-05,3.267638921737671
208,36.0,2.08e-05,0.000144,0.0001648,3.259709358215332
251,223.0,2.51e-05,0.000892,0.0009171,3.554194211959839
301,413.0,3.01e-05,0.001652,0.0016821,3.9818532466888428
222,326.0,2.2200000000000004e-05,0.001304,0.0013262,3.6263222694396973
324,277.0,3.24e-05,0.001108,0.0011404,5.215887546539307
210,65.0,2.1e-05,0.00026,0.000281,4.603123426437378
313,327.0,3.13e-05,0.0013080000000000001,0.0013393,4.677183151245117
220,313.0,2.2e-05,0.001252,0.0012740000000000002,4.456676721572876
247,126.0,2.4700000000000004e-05,0.0005040000000000001,0.0005287000000000001,3.8993000984191895
333,437.0,3.33e-05,0.0017480000000000002,0.0017813000000000002,4.5249364376068115
188,39.0,1.88e-05,0.00015600000000000002,0.00017480000000000002,4.053744077682495
240,95.0,2.4e-05,0.00038,0.000404,4.355025291442871
281,320.0,2.8100000000000002e-05,0.0012799999999999999,0.0013081,4.523890018463135
277,249.0,2.7700000000000002e-05,0.0009960000000000001,0.0010237000000000002,4.655824661254883
228,83.0,2.2800000000000002e-05,0.000332,0.0003548,4.249691724777222
241,233.0,2.4100000000000003e-05,0.000932,0.0009561,5.0716705322265625
242,194.0,2.4200000000000002e-05,0.000776,0.0008002,4.567320346832275
247,74.0,2.4700000000000004e-05,0.00029600000000000004,0.00032070000000000004,4.012666940689087
282,151.0,2.8200000000000004e-05,0.000604,0.0006322000000000001,4.612762928009033
264,283.0,2.64e-05,0.001132,0.0011584,4.567643880844116
228,67.0,2.2800000000000002e-05,0.000268,0.0002908,4.36781644821167
246,117.0,2.46e-05,0.00046800000000000005,0.0004926,4.1865458488464355
230,76.0,2.3e-05,0.000304,0.00032700000000000003,4.01645827293396
220,87.0,2.2e-05,0.00034800000000000006,0.00037000000000000005,4.446486949920654
254,163.0,2.54e-05,0.000652,0.0006774,4.653135299682617
239,137.0,2.39e-05,0.0005480000000000001,0.0005719000000000001,4.015637397766113
223,168.0,2.23e-05,0.0006720000000000001,0.0006943000000000001,4.423759698867798
231,112.0,2.3100000000000002e-05,0.00044800000000000005,0.00047110000000000007,4.0551581382751465
242,85.0,2.4200000000000002e-05,0.00034,0.0003642,4.142433166503906
236,195.0,2.36e-05,0.00078,0.0008036,4.163000583648682
263,200.0,2.6300000000000002e-05,0.0008,0.0008263000000000001,4.314839124679565
248,111.0,2.48e-05,0.00044400000000000006,0.00046880000000000007,4.127550363540649
271,87.0,2.71e-05,0.00034800000000000006,0.00037510000000000006,4.510548830032349
236,39.0,2.36e-05,0.00015600000000000002,0.00017960000000000003,4.1556408405303955
212,64.0,2.1200000000000004e-05,0.00025600000000000004,0.00027720000000000007,3.936664581298828
340,350.0,3.4e-05,0.0013999999999999998,0.0014339999999999997,4.622720241546631
323,285.0,3.2300000000000006e-05,0.00114,0.0011723,4.3656604290008545
277,213.0,2.7700000000000002e-05,0.000852,0.0008797,4.4940690994262695
255,83.0,2.55e-05,0.000332,0.0003575,3.9940097332000732
288,273.0,2.8800000000000002e-05,0.001092,0.0011208000000000001,4.489170551300049
216,49.0,2.16e-05,0.00019600000000000002,0.00021760000000000003,4.063523054122925
283,234.0,2.83e-05,0.0009360000000000001,0.0009643000000000001,4.437273025512695
266,194.0,2.6600000000000003e-05,0.000776,0.0008026,4.386168479919434
247,165.0,2.4700000000000004e-05,0.00066,0.0006847,4.269636392593384
230,173.0,2.3e-05,0.000692,0.000715,4.185679197311401
247,82.0,2.4700000000000004e-05,0.00032800000000000006,0.00035270000000000006,3.855895757675171
257,190.0,2.57e-05,0.00076,0.0007857000000000001,4.146409511566162
322,442.0,3.2200000000000003e-05,0.001768,0.0018002,4.920032739639282
354,437.0,3.54e-05,0.0017480000000000002,0.0017834000000000003,4.412576913833618
382,388.0,3.82e-05,0.001552,0.0015902,4.4574875831604
223,282.0,2.23e-05,0.001128,0.0011503000000000002,3.788900375366211
222,43.0,2.2200000000000004e-05,0.00017199999999999998,0.00019419999999999998,3.574708938598633
228,200.0,2.2800000000000002e-05,0.0008,0.0008228,3.8397598266601562
334,344.0,3.34e-05,0.0013759999999999998,0.0014093999999999999,4.686570882797241
263,348.0,2.6300000000000002e-05,0.0013920000000000002,0.0014183000000000002,4.675464391708374
198,234.0,1.98e-05,0.0009360000000000001,0.0009558000000000001,4.353496551513672
233,145.0,2.33e-05,0.00058,0.0006033,4.11396050453186
248,253.0,2.48e-05,0.001012,0.0010368,4.2813475131988525
298,285.0,2.98e-05,0.00114,0.0011698,4.227999210357666
228,294.0,2.2800000000000002e-05,0.0011760000000000002,0.0011988,4.4000444412231445
190,36.0,1.9e-05,0.000144,0.000163,3.828029155731201
252,138.0,2.5200000000000003e-05,0.000552,0.0005771999999999999,3.9295878410339355
209,43.0,2.0900000000000003e-05,0.00017199999999999998,0.00019289999999999997,3.962761878967285
198,108.0,1.98e-05,0.000432,0.0004518,3.865365505218506
210,45.0,2.1e-05,0.00018,0.000201,3.648275852203369
316,276.0,3.16e-05,0.001104,0.0011355999999999998,3.9858243465423584
329,321.0,3.29e-05,0.001284,0.0013169,4.245061159133911
247,51.0,2.4700000000000004e-05,0.00020400000000000003,0.00022870000000000003,3.4374072551727295
202,11.0,2.0200000000000003e-05,4.4e-05,6.42e-05,3.6041860580444336
326,281.0,3.26e-05,0.001124,0.0011566,4.775673866271973
197,71.0,1.9700000000000005e-05,0.000284,0.0003037,3.4441919326782227
299,257.0,2.9900000000000002e-05,0.001028,0.0010579,3.977836847305298
255,263.0,2.55e-05,0.001052,0.0010775,4.151026964187622
224,124.0,2.2400000000000002e-05,0.000496,0.0005184,3.8318235874176025
213,206.0,2.13e-05,0.0008240000000000001,0.0008453000000000001,3.8046514987945557
209,57.0,2.0900000000000003e-05,0.000228,0.00024890000000000003,3.6238937377929688
242,218.0,2.4200000000000002e-05,0.000872,0.0008962000000000001,4.02703332901001
201,39.0,2.01e-05,0.00015600000000000002,0.00017610000000000002,3.5666494369506836
300,202.0,3e-05,0.0008080000000000001,0.0008380000000000001,3.766798496246338
204,77.0,2.04e-05,0.000308,0.0003284,3.669752836227417
202,53.0,2.0200000000000003e-05,0.00021200000000000003,0.00023220000000000003,3.519118309020996
194,39.0,1.94e-05,0.00015600000000000002,0.00017540000000000004,3.3924667835235596
229,253.0,2.29e-05,0.001012,0.0010349,3.75138783454895
264,83.0,2.64e-05,0.000332,0.0003584,3.459973096847534
203,40.0,2.0300000000000002e-05,0.00015999999999999999,0.0001803,3.941709518432617
185,11.0,1.85e-05,4.4e-05,6.25e-05,4.041111946105957
255,74.0,2.55e-05,0.00029600000000000004,0.00032150000000000006,4.61013126373291
229,129.0,2.29e-05,0.000516,0.0005388999999999999,3.9610044956207275
284,141.0,2.8400000000000003e-05,0.000564,0.0005924000000000001,4.252138614654541
243,97.0,2.43e-05,0.000388,0.0004123,4.676708698272705
381,879.0,3.8100000000000005e-05,0.0035160000000000005,0.0035541000000000006,5.090224981307983
248,110.0,2.48e-05,0.00043999999999999996,0.00046479999999999997,4.4825990200042725
295,156.0,2.95e-05,0.0006240000000000001,0.0006535000000000001,3.7512052059173584
200,71.0,2e-05,0.000284,0.000304,3.5083601474761963
213,69.0,2.13e-05,0.000276,0.00029729999999999996,3.436169385910034
232,120.0,2.32e-05,0.00048,0.0005032,3.730829954147339
246,181.0,2.46e-05,0.0007240000000000001,0.0007486000000000001,3.881178379058838
246,135.0,2.46e-05,0.00054,0.0005646,3.562089681625366
206,104.0,2.0600000000000003e-05,0.00041600000000000003,0.00043660000000000004,3.704730749130249
277,228.0,2.7700000000000002e-05,0.000912,0.0009397,3.898056745529175
309,46.0,3.09e-05,0.00018400000000000003,0.00021490000000000002,3.741694450378418
263,92.0,2.6300000000000002e-05,0.00036800000000000005,0.00039430000000000004,3.749727487564087
318,181.0,3.18e-05,0.0007240000000000001,0.0007558000000000002,3.566190719604492
247,164.0,2.4700000000000004e-05,0.0006560000000000001,0.0006807000000000001,3.303942918777466
225,128.0,2.25e-05,0.0005120000000000001,0.0005345,3.220930337905884
288,200.0,2.8800000000000002e-05,0.0008,0.0008288000000000001,3.7311553955078125
263,301.0,2.6300000000000002e-05,0.001204,0.0012303,3.3014400005340576
224,74.0,2.2400000000000002e-05,0.00029600000000000004,0.00031840000000000004,3.1667490005493164
226,89.0,2.26e-05,0.00035600000000000003,0.00037860000000000004,3.1619720458984375
324,498.0,3.24e-05,0.0019920000000000003,0.0020244000000000004,4.033456087112427
272,333.0,2.7200000000000004e-05,0.001332,0.0013592,3.504153251647949
254,198.0,2.54e-05,0.000792,0.0008173999999999999,3.4897611141204834
310,383.0,3.1e-05,0.0015320000000000002,0.0015630000000000002,3.716479539871216
290,275.0,2.9e-05,0.0011,0.001129,3.6845028400421143
290,262.0,2.9e-05,0.001048,0.001077,3.395733594894409
212,43.0,2.1200000000000004e-05,0.00017199999999999998,0.00019319999999999998,3.29732608795166
275,289.0,2.75e-05,0.0011560000000000001,0.0011835,3.974862575531006
233,107.0,2.33e-05,0.00042800000000000005,0.0004513000000000001,3.559610366821289
312,533.0,3.1200000000000006e-05,0.002132,0.0021632,4.054827451705933
263,84.0,2.6300000000000002e-05,0.00033600000000000004,0.0003623,3.948373794555664
275,155.0,2.75e-05,0.00062,0.0006475,4.733995199203491
188,92.0,1.88e-05,0.00036800000000000005,0.0003868000000000001,3.781873941421509
323,126.0,3.2300000000000006e-05,0.0005040000000000001,0.0005363000000000001,4.398517608642578
324,433.0,3.24e-05,0.001732,0.0017644,4.583951711654663
204,40.0,2.04e-05,0.00015999999999999999,0.0001804,3.688062906265259
194,38.0,1.94e-05,0.000152,0.00017140000000000002,3.9271364212036133
264,157.0,2.64e-05,0.0006280000000000001,0.0006544000000000001,4.361432075500488
180,43.0,1.8e-05,0.00017199999999999998,0.00018999999999999998,3.7450759410858154
223,64.0,2.23e-05,0.00025600000000000004,0.00027830000000000004,3.763507843017578
230,224.0,2.3e-05,0.0008960000000000001,0.0009190000000000001,4.2909510135650635
232,,2.32e-05,,,3.797028064727783
251,101.0,2.51e-05,0.00040400000000000006,0.0004291000000000001,4.317973852157593
255,81.0,2.55e-05,0.000324,0.00034950000000000004,4.119220495223999
217,11.0,2.1700000000000002e-05,4.4e-05,6.57e-05,4.260170221328735
261,51.0,2.61e-05,0.00020400000000000003,0.00023010000000000004,3.957658052444458
208,38.0,2.08e-05,0.000152,0.0001728,3.4752378463745117
336,90.0,3.3600000000000004e-05,0.00036,0.0003936,3.495147466659546
239,254.0,2.39e-05,0.001016,0.0010399,4.830790042877197
252,164.0,2.5200000000000003e-05,0.0006560000000000001,0.0006812000000000001,4.285574913024902
204,11.0,2.04e-05,4.4e-05,6.44e-05,3.8525445461273193
232,164.0,2.32e-05,0.0006560000000000001,0.0006792000000000001,4.174099922180176
185,69.0,1.85e-05,0.000276,0.0002945,3.8255813121795654
191,40.0,1.91e-05,0.00015999999999999999,0.0001791,4.037678241729736
274,380.0,2.7400000000000002e-05,0.00152,0.0015474,4.337871074676514
235,93.0,2.35e-05,0.00037200000000000004,0.0003955,3.616953134536743
297,95.0,2.9700000000000004e-05,0.00038,0.00040970000000000004,4.3995044231414795
195,102.0,1.95e-05,0.00040800000000000005,0.00042750000000000004,4.069324016571045
349,350.0,3.49e-05,0.0013999999999999998,0.0014348999999999998,4.705465316772461
314,379.0,3.1400000000000004e-05,0.001516,0.0015474,4.500515460968018
175,90.0,1.75e-05,0.00036,0.0003775,3.5701491832733154
200,36.0,2e-05,0.000144,0.000164,3.581603527069092
275,237.0,2.75e-05,0.0009480000000000002,0.0009755000000000001,3.653583526611328
296,435.0,2.96e-05,0.00174,0.0017696,3.677467107772827
238,179.0,2.38e-05,0.0007160000000000001,0.0007398000000000001,3.206470489501953
248,260.0,2.48e-05,0.00104,0.0010647999999999999,3.637892723083496
274,171.0,2.7400000000000002e-05,0.0006840000000000001,0.0007114000000000002,3.2203879356384277
309,144.0,3.09e-05,0.000576,0.0006069000000000001,3.4163758754730225
181,11.0,1.8100000000000003e-05,4.4e-05,6.21e-05,2.862619638442993
292,46.0,2.92e-05,0.00018400000000000003,0.00021320000000000003,3.4266979694366455
233,49.0,2.33e-05,0.00019600000000000002,0.00021930000000000002,3.1531190872192383
290,314.0,2.9e-05,0.0012560000000000002,0.0012850000000000001,3.6575124263763428
201,78.0,2.01e-05,0.00031200000000000005,0.00033210000000000005,3.0358898639678955
218,194.0,2.18e-05,0.000776,0.0007978,3.3765487670898438
339,269.0,3.39e-05,0.0010760000000000001,0.0011099,3.771636962890625
290,281.0,2.9e-05,0.001124,0.001153,3.3824069499969482
193,42.0,1.93e-05,0.00016800000000000002,0.00018730000000000003,3.1645185947418213
265,216.0,2.65e-05,0.000864,0.0008905,3.595454454421997
187,38.0,1.87e-05,0.000152,0.0001707,3.2821364402770996
269,226.0,2.6900000000000003e-05,0.0009040000000000001,0.0009309000000000001,3.6406939029693604
180,39.0,1.8e-05,0.00015600000000000002,0.00017400000000000003,2.9795353412628174
312,220.0,3.1200000000000006e-05,0.0008799999999999999,0.0009111999999999999,3.4453322887420654
198,69.0,1.98e-05,0.000276,0.0002958,3.2438855171203613
271,164.0,2.71e-05,0.0006560000000000001,0.0006831000000000001,3.393771171569824
241,81.0,2.4100000000000003e-05,0.000324,0.0003481,3.1848535537719727
218,298.0,2.18e-05,0.001192,0.0012138,4.938947439193726
272,145.0,2.7200000000000004e-05,0.00058,0.0006072,3.3401429653167725
389,692.0,3.8900000000000004e-05,0.002768,0.0028069,4.423933744430542
213,146.0,2.13e-05,0.000584,0.0006053,4.061817646026611
181,11.0,1.8100000000000003e-05,4.4e-05,6.21e-05,3.0949432849884033
238,175.0,2.38e-05,0.0006999999999999999,0.0007237999999999999,3.379164695739746
217,103.0,2.1700000000000002e-05,0.00041200000000000004,0.0004337,3.8343076705932617
256,196.0,2.5600000000000002e-05,0.0007840000000000001,0.0008096000000000001,3.991698741912842
296,245.0,2.96e-05,0.00098,0.0010096,4.060257196426392
291,291.0,2.9100000000000003e-05,0.001164,0.0011931,4.1775476932525635
268,146.0,2.68e-05,0.000584,0.0006108,3.932305335998535
257,153.0,2.57e-05,0.0006119999999999999,0.0006376999999999999,3.5023841857910156
190,163.0,1.9e-05,0.000652,0.000671,3.595123291015625
241,41.0,2.4100000000000003e-05,0.00016400000000000003,0.00018810000000000002,3.302703619003296
351,194.0,3.51e-05,0.000776,0.0008111,3.3309779167175293
207,11.0,2.0700000000000002e-05,4.4e-05,6.47e-05,2.9865128993988037
222,122.0,2.2200000000000004e-05,0.00048800000000000004,0.0005102,3.4002461433410645
247,226.0,2.4700000000000004e-05,0.0009040000000000001,0.0009287000000000001,3.3463618755340576
237,229.0,2.3700000000000003e-05,0.000916,0.0009397,3.29459547996521
335,,3.35e-05,,,3.1309781074523926
291,297.0,2.9100000000000003e-05,0.0011880000000000003,0.0012171000000000003,3.527991533279419
284,268.0,2.8400000000000003e-05,0.001072,0.0011004,3.4031646251678467
302,213.0,3.0200000000000002e-05,0.000852,0.0008822,3.267756223678589
209,11.0,2.0900000000000003e-05,4.4e-05,6.49e-05,3.5473413467407227
273,291.0,2.73e-05,0.001164,0.0011913000000000002,3.8133444786071777
187,44.0,1.87e-05,0.000176,0.0001947,3.564601421356201
247,150.0,2.4700000000000004e-05,0.0006000000000000001,0.0006247000000000001,3.735970973968506
246,81.0,2.46e-05,0.000324,0.0003486,3.0614612102508545
157,10.0,1.5700000000000002e-05,3.9999999999999996e-05,5.57e-05,3.0542376041412354
239,203.0,2.39e-05,0.0008120000000000001,0.0008359000000000001,3.3721437454223633
237,211.0,2.3700000000000003e-05,0.000844,0.0008677,3.454582691192627
218,40.0,2.18e-05,0.00015999999999999999,0.00018179999999999997,3.2067105770111084
303,78.0,3.03e-05,0.00031200000000000005,0.0003423,3.096007823944092
188,99.0,1.88e-05,0.000396,0.0004148,3.124396562576294
246,84.0,2.46e-05,0.00033600000000000004,0.00036060000000000004,3.207334041595459
281,206.0,2.8100000000000002e-05,0.0008240000000000001,0.0008521000000000001,3.476238965988159
227,103.0,2.2700000000000003e-05,0.00041200000000000004,0.00043470000000000005,3.115267276763916
269,173.0,2.6900000000000003e-05,0.000692,0.0007189,3.246262788772583
221,74.0,2.2100000000000002e-05,0.00029600000000000004,0.00031810000000000003,4.097287178039551
256,215.0,2.5600000000000002e-05,0.0008600000000000001,0.0008856000000000001,3.927982807159424
260,88.0,2.6e-05,0.000352,0.00037799999999999997,3.9054043292999268
264,237.0,2.64e-05,0.0009480000000000002,0.0009744000000000002,4.182233095169067
262,260.0,2.6200000000000003e-05,0.00104,0.0010662,4.303814649581909
270,396.0,2.7e-05,0.001584,0.0016109999999999998,3.9238998889923096
240,11.0,2.4e-05,4.4e-05,6.8e-05,3.199657440185547
210,304.0,2.1e-05,0.001216,0.001237,3.6976990699768066
271,196.0,2.71e-05,0.0007840000000000001,0.0008111,3.4165544509887695
277,64.0,2.7700000000000002e-05,0.00025600000000000004,0.00028370000000000007,3.6797420978546143
360,192.0,3.6e-05,0.0007680000000000001,0.0008040000000000001,3.2199225425720215
244,307.0,2.4400000000000004e-05,0.001228,0.0012523999999999999,3.754087209701538
274,226.0,2.7400000000000002e-05,0.0009040000000000001,0.0009314000000000001,3.4205758571624756
214,75.0,2.1400000000000002e-05,0.00030000000000000003,0.0003214,3.3129851818084717
239,134.0,2.39e-05,0.000536,0.0005599,3.334322690963745
248,195.0,2.48e-05,0.00078,0.0008047999999999999,3.524202823638916
183,44.0,1.83e-05,0.000176,0.0001943,2.928537607192993
223,117.0,2.23e-05,0.00046800000000000005,0.0004903,3.392484426498413
283,303.0,2.83e-05,0.001212,0.0012403,3.90948486328125
336,430.0,3.3600000000000004e-05,0.0017200000000000002,0.0017536000000000001,4.319378614425659
313,49.0,3.13e-05,0.00019600000000000002,0.00022730000000000002,3.109863042831421
251,83.0,2.51e-05,0.000332,0.0003571,3.5049045085906982
221,73.0,2.2100000000000002e-05,0.000292,0.0003141,4.097634315490723
236,261.0,2.36e-05,0.001044,0.0010676,4.545644760131836
216,99.0,2.16e-05,0.000396,0.00041759999999999996,3.9378387928009033
193,73.0,1.93e-05,0.000292,0.0003113,3.9234158992767334
266,228.0,2.6600000000000003e-05,0.000912,0.0009386,4.011322498321533
281,191.0,2.8100000000000002e-05,0.000764,0.0007921,3.623145818710327
213,46.0,2.13e-05,0.00018400000000000003,0.00020530000000000003,3.1688380241394043
259,169.0,2.5900000000000003e-05,0.0006760000000000001,0.0007019000000000001,3.4642789363861084
229,198.0,2.29e-05,0.000792,0.0008148999999999999,3.4320342540740967
311,413.0,3.1100000000000004e-05,0.001652,0.0016831,3.8705787658691406
218,93.0,2.18e-05,0.00037200000000000004,0.00039380000000000003,3.0037434101104736
269,247.0,2.6900000000000003e-05,0.0009880000000000002,0.0010149000000000002,3.422807216644287
214,11.0,2.1400000000000002e-05,4.4e-05,6.54e-05,2.974377393722534
217,78.0,2.1700000000000002e-05,0.00031200000000000005,0.00033370000000000003,3.2533833980560303
187,89.0,1.87e-05,0.00035600000000000003,0.00037470000000000005,3.155799627304077
300,192.0,3e-05,0.0007680000000000001,0.0007980000000000001,3.5452699661254883
180,40.0,1.8e-05,0.00015999999999999999,0.000178,3.1384100914001465
215,105.0,2.15e-05,0.00041999999999999996,0.00044149999999999994,3.4247682094573975
206,49.0,2.0600000000000003e-05,0.00019600000000000002,0.00021660000000000003,2.937710762023926
290,347.0,2.9e-05,0.0013880000000000001,0.001417,3.8468756675720215
196,44.0,1.9600000000000002e-05,0.000176,0.00019559999999999998,3.0573551654815674
240,180.0,2.4e-05,0.00072,0.0007440000000000001,3.3568315505981445
190,10.0,1.9e-05,3.9999999999999996e-05,5.9e-05,3.1097660064697266
198,11.0,1.98e-05,4.4e-05,6.38e-05,2.937406063079834
189,43.0,1.8900000000000002e-05,0.00017199999999999998,0.00019089999999999998,3.1069936752319336
204,85.0,2.04e-05,0.00034,0.00036040000000000003,3.281203508377075
190,59.0,1.9e-05,0.00023600000000000002,0.000255,2.98671817779541
202,173.0,2.0200000000000003e-05,0.000692,0.0007122000000000001,3.4382717609405518
276,198.0,2.76e-05,0.000792,0.0008196,3.925408363342285
262,281.0,2.6200000000000003e-05,0.001124,0.0011502,3.7454993724823
258,100.0,2.58e-05,0.0004,0.0004258,3.1830811500549316
326,273.0,3.26e-05,0.001092,0.0011246000000000001,3.5093798637390137
195,44.0,1.95e-05,0.000176,0.00019549999999999998,3.4911749362945557
276,293.0,2.76e-05,0.001172,0.0011996,3.5454933643341064
217,165.0,2.1700000000000002e-05,0.00066,0.0006817,3.365043878555298
266,148.0,2.6600000000000003e-05,0.0005920000000000001,0.0006186000000000001,3.4118764400482178
208,202.0,2.08e-05,0.0008080000000000001,0.0008288000000000001,3.9337542057037354
202,72.0,2.0200000000000003e-05,0.000288,0.0003082,3.2598888874053955
216,173.0,2.16e-05,0.000692,0.0007136,3.437079668045044
216,121.0,2.16e-05,0.00048400000000000006,0.0005056,3.2742695808410645
187,51.0,1.87e-05,0.00020400000000000003,0.00022270000000000002,3.0892813205718994
223,221.0,2.23e-05,0.000884,0.0009063000000000001,3.3349695205688477
209,139.0,2.0900000000000003e-05,0.0005560000000000001,0.0005769000000000001,3.1474218368530273
225,246.0,2.25e-05,0.000984,0.0010065,3.3615453243255615
210,131.0,2.1e-05,0.000524,0.000545,3.2123513221740723
254,265.0,2.54e-05,0.00106,0.0010854,3.4297587871551514
278,321.0,2.78e-05,0.001284,0.0013118,3.5151987075805664
215,68.0,2.15e-05,0.00027200000000000005,0.00029350000000000003,3.0422375202178955
189,38.0,1.8900000000000002e-05,0.000152,0.0001709,3.2867050170898438
267,194.0,2.6700000000000002e-05,0.000776,0.0008027,3.7049765586853027
227,122.0,2.2700000000000003e-05,0.00048800000000000004,0.0005107,3.8583316802978516
200,109.0,2e-05,0.000436,0.000456,3.6925811767578125
239,275.0,2.39e-05,0.0011,0.0011239000000000002,3.7404747009277344
289,456.0,2.89e-05,0.001824,0.0018529000000000002,3.9936037063598633
207,79.0,2.0700000000000002e-05,0.00031600000000000004,0.00033670000000000005,3.5011987686157227
269,70.0,2.6900000000000003e-05,0.00028,0.0003069,3.925259828567505
218,63.0,2.18e-05,0.00025200000000000005,0.00027380000000000004,3.2725577354431152
225,61.0,2.25e-05,0.00024400000000000002,0.0002665,4.249707460403442
231,137.0,2.3100000000000002e-05,0.0005480000000000001,0.0005711000000000001,4.25974702835083
231,78.0,2.3100000000000002e-05,0.00031200000000000005,0.00033510000000000007,3.786970615386963
208,147.0,2.08e-05,0.0005880000000000001,0.0006088,3.267428159713745
226,154.0,2.26e-05,0.000616,0.0006386,3.2017674446105957
327,340.0,3.27e-05,0.00136,0.0013927000000000002,3.805651903152466
213,121.0,2.13e-05,0.00048400000000000006,0.0005053000000000001,3.0432918071746826
182,39.0,1.82e-05,0.00015600000000000002,0.00017420000000000003,3.3140945434570312
206,84.0,2.0600000000000003e-05,0.00033600000000000004,0.00035660000000000005,3.458808660507202
186,40.0,1.86e-05,0.00015999999999999999,0.00017859999999999998,3.235759735107422
212,89.0,2.1200000000000004e-05,0.00035600000000000003,0.00037720000000000006,3.3304998874664307
182,44.0,1.82e-05,0.000176,0.0001942,3.2673394680023193
202,70.0,2.0200000000000003e-05,0.00028,0.0003002,3.2869906425476074
219,66.0,2.1900000000000004e-05,0.000264,0.0002859,4.021895408630371
213,157.0,2.13e-05,0.0006280000000000001,0.0006493000000000001,3.1407299041748047
291,84.0,2.9100000000000003e-05,0.00033600000000000004,0.00036510000000000004,3.196535110473633
310,381.0,3.1e-05,0.0015240000000000002,0.0015550000000000002,4.517768383026123
214,221.0,2.1400000000000002e-05,0.000884,0.0009054,3.9436120986938477
357,429.0,3.57e-05,0.0017160000000000003,0.0017517000000000003,4.267865180969238
294,238.0,2.9400000000000003e-05,0.0009519999999999999,0.0009814,3.342589855194092
189,43.0,1.8900000000000002e-05,0.00017199999999999998,0.00019089999999999998,2.929990530014038
298,309.0,2.98e-05,0.001236,0.0012657999999999999,3.5616304874420166
201,11.0,2.01e-05,4.4e-05,6.41e-05,3.1999964714050293
266,263.0,2.6600000000000003e-05,0.001052,0.0010786,3.7438597679138184
185,45.0,1.85e-05,0.00018,0.0001985,3.208136796951294
217,88.0,2.1700000000000002e-05,0.000352,0.0003737,3.125375986099243
214,80.0,2.1400000000000002e-05,0.00031999999999999997,0.00034139999999999995,3.5884451866149902
286,362.0,2.86e-05,0.0014480000000000003,0.0014766000000000002,3.982034683227539
298,267.0,2.98e-05,0.0010680000000000002,0.0010978000000000001,3.4013640880584717
294,340.0,2.9400000000000003e-05,0.00136,0.0013894,4.068052291870117
278,268.0,2.78e-05,0.001072,0.0010998,3.3494019508361816
229,75.0,2.29e-05,0.00030000000000000003,0.00032290000000000004,3.005277156829834
246,141.0,2.46e-05,0.000564,0.0005886000000000001,3.2987914085388184
280,265.0,2.8e-05,0.00106,0.001088,3.5261049270629883
205,11.0,2.05e-05,4.4e-05,6.45e-05,3.0957581996917725
280,121.0,2.8e-05,0.00048400000000000006,0.0005120000000000001,3.642012596130371
276,282.0,2.76e-05,0.001128,0.0011556000000000001,3.622976064682007
384,385.0,3.8400000000000005e-05,0.0015400000000000001,0.0015784000000000002,3.876854658126831
266,263.0,2.6600000000000003e-05,0.001052,0.0010786,3.6730310916900635
281,75.0,2.8100000000000002e-05,0.00030000000000000003,0.0003281,3.408409595489502
296,195.0,2.96e-05,0.00078,0.0008096,3.7737865447998047
227,213.0,2.2700000000000003e-05,0.000852,0.0008747,3.8953824043273926
202,106.0,2.0200000000000003e-05,0.00042400000000000006,0.00044420000000000006,3.637533664703369
196,11.0,1.9600000000000002e-05,4.4e-05,6.36e-05,3.169567584991455
225,118.0,2.25e-05,0.00047200000000000003,0.0004945,3.2536706924438477
224,123.0,2.2400000000000002e-05,0.000492,0.0005144,3.002317190170288
297,120.0,2.9700000000000004e-05,0.00048,0.0005097,3.0930588245391846
348,533.0,3.4800000000000006e-05,0.002132,0.0021668000000000004,3.7334840297698975
321,333.0,3.21e-05,0.001332,0.0013641,3.307384729385376
259,188.0,2.5900000000000003e-05,0.000752,0.0007779,2.964536666870117
201,57.0,2.01e-05,0.000228,0.0002481,2.9364144802093506
298,234.0,2.98e-05,0.0009360000000000001,0.0009658000000000001,3.2239627838134766
193,43.0,1.93e-05,0.00017199999999999998,0.0001913,3.0631673336029053
287,325.0,2.8700000000000003e-05,0.0013,0.0013287,3.596304416656494
283,310.0,2.83e-05,0.00124,0.0012683,3.595529556274414
295,411.0,2.95e-05,0.001644,0.0016735,3.950502634048462
252,123.0,2.5200000000000003e-05,0.000492,0.0005172,3.6347689628601074
207,73.0,2.0700000000000002e-05,0.000292,0.0003127,2.9828579425811768
229,50.0,2.29e-05,0.0002,0.0002229,3.030405282974243
196,189.0,1.9600000000000002e-05,0.000756,0.0007756000000000001,3.428579330444336
353,499.0,3.5300000000000004e-05,0.0019960000000000004,0.0020313,3.7599291801452637
319,318.0,3.19e-05,0.0012720000000000001,0.0013039000000000002,4.061006307601929
272,198.0,2.7200000000000004e-05,0.000792,0.0008192,4.175974607467651
247,216.0,2.4700000000000004e-05,0.000864,0.0008887,4.084181070327759
203,45.0,2.0300000000000002e-05,0.00018,0.00020030000000000002,3.849013328552246
240,138.0,2.4e-05,0.000552,0.000576,3.9236316680908203
239,90.0,2.39e-05,0.00036,0.0003839,3.682506561279297
229,140.0,2.29e-05,0.00056,0.0005828999999999999,3.680429220199585
265,729.0,2.65e-05,0.002916,0.0029425000000000002,4.58964204788208
260,182.0,2.6e-05,0.0007279999999999999,0.0007539999999999999,3.2076945304870605
238,40.0,2.38e-05,0.00015999999999999999,0.0001838,3.038201093673706
287,345.0,2.8700000000000003e-05,0.00138,0.0014087,3.6403024196624756
214,102.0,2.1400000000000002e-05,0.00040800000000000005,0.00042940000000000003,3.3789851665496826
272,213.0,2.7200000000000004e-05,0.000852,0.0008792,3.5195822715759277
202,110.0,2.0200000000000003e-05,0.00043999999999999996,0.00046019999999999996,3.2129883766174316
185,94.0,1.85e-05,0.000376,0.0003945,3.28324556350708
214,130.0,2.1400000000000002e-05,0.00052,0.0005413999999999999,3.236100673675537
244,140.0,2.4400000000000004e-05,0.00056,0.0005844,3.586670398712158
190,40.0,1.9e-05,0.00015999999999999999,0.000179,3.340424060821533
211,84.0,2.11e-05,0.00033600000000000004,0.00035710000000000006,3.1776816844940186
260,209.0,2.6e-05,0.0008360000000000002,0.0008620000000000001,3.4887733459472656
319,379.0,3.19e-05,0.001516,0.0015479,3.553572416305542
245,197.0,2.45e-05,0.0007880000000000002,0.0008125000000000002,3.480020761489868
230,118.0,2.3e-05,0.00047200000000000003,0.000495,3.2175841331481934
249,79.0,2.4900000000000002e-05,0.00031600000000000004,0.00034090000000000005,3.198977470397949
285,260.0,2.85e-05,0.00104,0.0010685,4.232446908950806
256,123.0,2.5600000000000002e-05,0.000492,0.0005176,3.263936996459961
308,319.0,3.08e-05,0.0012760000000000002,0.0013068000000000003,3.612029790878296
190,11.0,1.9e-05,4.4e-05,6.3e-05,2.8735718727111816
233,212.0,2.33e-05,0.0008480000000000001,0.0008713000000000001,3.6259148120880127
223,140.0,2.23e-05,0.00056,0.0005823,3.4390759468078613
243,188.0,2.43e-05,0.000752,0.0007763,3.279733657836914
281,203.0,2.8100000000000002e-05,0.0008120000000000001,0.0008401000000000001,3.392604112625122
289,111.0,2.89e-05,0.00044400000000000006,0.00047290000000000006,3.35996150970459
224,87.0,2.2400000000000002e-05,0.00034800000000000006,0.00037040000000000006,3.361896276473999
204,49.0,2.04e-05,0.00019600000000000002,0.00021640000000000003,3.3952951431274414
194,62.0,1.94e-05,0.000248,0.0002674,3.4608654975891113
265,91.0,2.65e-05,0.00036399999999999996,0.00039049999999999995,3.640655994415283
196,11.0,1.9600000000000002e-05,4.4e-05,6.36e-05,3.0795600414276123
307,322.0,3.07e-05,0.001288,0.0013187000000000001,4.005529403686523
223,44.0,2.23e-05,0.000176,0.0001983,3.3501992225646973
212,11.0,2.1200000000000004e-05,4.4e-05,6.52e-05,3.3760383129119873
249,66.0,2.4900000000000002e-05,0.000264,0.00028890000000000003,3.5448999404907227
270,293.0,2.7e-05,0.001172,0.001199,3.5473148822784424
299,217.0,2.9900000000000002e-05,0.0008680000000000001,0.0008979000000000001,3.40722918510437
287,208.0,2.8700000000000003e-05,0.0008320000000000001,0.0008607,3.881624698638916
236,83.0,2.36e-05,0.000332,0.00035559999999999997,3.898160219192505
286,210.0,2.86e-05,0.0008399999999999999,0.0008686,3.8925843238830566
193,42.0,1.93e-05,0.00016800000000000002,0.00018730000000000003,3.5687150955200195
375,409.0,3.75e-05,0.0016360000000000003,0.0016735000000000003,4.38185453414917
290,205.0,2.9e-05,0.00082,0.0008489999999999999,3.3308963775634766
317,192.0,3.1700000000000005e-05,0.0007680000000000001,0.0007997000000000001,3.469419479370117
364,149.0,3.64e-05,0.000596,0.0006324,3.8435781002044678
255,49.0,2.55e-05,0.00019600000000000002,0.00022150000000000002,3.6301732063293457
241,189.0,2.4100000000000003e-05,0.000756,0.0007801,3.595198154449463
176,66.0,1.76e-05,0.000264,0.0002816,3.0426743030548096
334,358.0,3.34e-05,0.0014320000000000001,0.0014654000000000002,3.746824264526367
196,71.0,1.9600000000000002e-05,0.000284,0.0003036,3.0453572273254395
275,102.0,2.75e-05,0.00040800000000000005,0.00043550000000000007,3.051968812942505
264,170.0,2.64e-05,0.00068,0.0007064,3.3980765342712402
267,207.0,2.6700000000000002e-05,0.0008280000000000001,0.0008547000000000001,3.7980470657348633
208,47.0,2.08e-05,0.000188,0.00020879999999999998,3.285250186920166
204,67.0,2.04e-05,0.000268,0.0002884,2.9802041053771973
209,38.0,2.0900000000000003e-05,0.000152,0.0001729,3.150057077407837
276,138.0,2.76e-05,0.000552,0.0005796,3.35267972946167
323,322.0,3.2300000000000006e-05,0.001288,0.0013203000000000002,3.795159339904785
295,277.0,2.95e-05,0.001108,0.0011375,3.397250175476074
249,51.0,2.4900000000000002e-05,0.00020400000000000003,0.00022890000000000003,3.0341672897338867
211,40.0,2.11e-05,0.00015999999999999999,0.00018109999999999998,3.0870039463043213
280,194.0,2.8e-05,0.000776,0.000804,3.7070391178131104
247,229.0,2.4700000000000004e-05,0.000916,0.0009407,3.455396890640259
308,197.0,3.08e-05,0.0007880000000000002,0.0008188000000000002,3.3797554969787598
225,88.0,2.25e-05,0.000352,0.0003745,3.3253345489501953
253,147.0,2.5300000000000002e-05,0.0005880000000000001,0.0006133000000000001,3.4378662109375
287,106.0,2.8700000000000003e-05,0.00042400000000000006,0.00045270000000000005,3.1363842487335205
188,11.0,1.88e-05,4.4e-05,6.28e-05,3.046260118484497
243,239.0,2.43e-05,0.000956,0.0009803000000000001,3.45696759223938
247,103.0,2.4700000000000004e-05,0.00041200000000000004,0.00043670000000000004,3.012302875518799
251,94.0,2.51e-05,0.000376,0.0004011,3.3702774047851562
221,44.0,2.2100000000000002e-05,0.000176,0.0001981,3.080772876739502
249,195.0,2.4900000000000002e-05,0.00078,0.0008049,3.2911837100982666
255,137.0,2.55e-05,0.0005480000000000001,0.0005735000000000001,3.5149013996124268
225,38.0,2.25e-05,0.000152,0.0001745,2.878077745437622
260,49.0,2.6e-05,0.00019600000000000002,0.00022200000000000003,3.3188629150390625
218,102.0,2.18e-05,0.00040800000000000005,0.00042980000000000004,3.3780765533447266
196,11.0,1.9600000000000002e-05,4.4e-05,6.36e-05,3.3853604793548584
186,11.0,1.86e-05,4.4e-05,6.26e-05,3.1711881160736084
244,205.0,2.4400000000000004e-05,0.00082,0.0008444,3.663846492767334
244,40.0,2.4400000000000004e-05,0.00015999999999999999,0.00018439999999999998,3.0492560863494873
247,81.0,2.4700000000000004e-05,0.000324,0.0003487,3.2017781734466553
202,45.0,2.0200000000000003e-05,0.00018,0.00020020000000000001,3.270237922668457
198,11.0,1.98e-05,4.4e-05,6.38e-05,3.0437865257263184
211,40.0,2.11e-05,0.00015999999999999999,0.00018109999999999998,3.4445862770080566
260,557.0,2.6e-05,0.0022280000000000004,0.0022540000000000004,4.532167673110962
311,277.0,3.1100000000000004e-05,0.001108,0.0011391,3.275491714477539
280,90.0,2.8e-05,0.00036,0.000388,3.1217682361602783
246,168.0,2.46e-05,0.0006720000000000001,0.0006966000000000001,3.707369089126587
264,270.0,2.64e-05,0.00108,0.0011064,3.665804147720337
248,134.0,2.48e-05,0.000536,0.0005608,3.01845383644104
286,313.0,2.86e-05,0.001252,0.0012806,3.6541402339935303
320,353.0,3.2e-05,0.001412,0.001444,3.533308982849121
211,114.0,2.11e-05,0.000456,0.00047710000000000005,3.053647518157959
292,209.0,2.92e-05,0.0008360000000000002,0.0008652000000000001,3.4394609928131104
209,125.0,2.0900000000000003e-05,0.0005,0.0005209,3.050877332687378
194,95.0,1.94e-05,0.00038,0.0003994,3.1332590579986572
195,36.0,1.95e-05,0.000144,0.00016350000000000002,3.821047067642212
349,362.0,3.49e-05,0.0014480000000000003,0.0014829000000000003,4.001107692718506
211,113.0,2.11e-05,0.00045200000000000004,0.00047310000000000006,3.2733707427978516
293,90.0,2.93e-05,0.00036,0.00038930000000000003,3.694397449493408
350,278.0,3.5e-05,0.0011120000000000001,0.0011470000000000002,3.7715554237365723
222,194.0,2.2200000000000004e-05,0.000776,0.0007982,3.538708448410034
195,11.0,1.95e-05,4.4e-05,6.35e-05,3.3793630599975586
324,327.0,3.24e-05,0.0013080000000000001,0.0013404,4.2420408725738525
286,206.0,2.86e-05,0.0008240000000000001,0.0008526000000000001,4.2946617603302
192,11.0,1.9200000000000003e-05,4.4e-05,6.32e-05,3.4315178394317627
225,146.0,2.25e-05,0.000584,0.0006064999999999999,3.925694227218628
300,307.0,3e-05,0.001228,0.001258,3.705673933029175
295,152.0,2.95e-05,0.000608,0.0006375,3.2658233642578125
189,11.0,1.8900000000000002e-05,4.4e-05,6.29e-05,2.9889843463897705
217,84.0,2.1700000000000002e-05,0.00033600000000000004,0.0003577,3.255864143371582
219,42.0,2.1900000000000004e-05,0.00016800000000000002,0.0001899,3.660459280014038
197,37.0,1.9700000000000005e-05,0.00014800000000000002,0.0001677,3.5765366554260254
217,146.0,2.1700000000000002e-05,0.000584,0.0006057,3.6899092197418213
199,70.0,1.9900000000000003e-05,0.00028,0.00029989999999999997,3.0894775390625
185,11.0,1.85e-05,4.4e-05,6.25e-05,3.1474695205688477
256,102.0,2.5600000000000002e-05,0.00040800000000000005,0.0004336000000000001,3.3388001918792725
199,45.0,1.9900000000000003e-05,0.00018,0.0001999,3.4333810806274414
272,318.0,2.7200000000000004e-05,0.0012720000000000001,0.0012992000000000001,4.384211778640747
200,11.0,2e-05,4.4e-05,6.4e-05,3.004244565963745
189,49.0,1.8900000000000002e-05,0.00019600000000000002,0.00021490000000000002,2.993697166442871
245,93.0,2.45e-05,0.00037200000000000004,0.00039650000000000004,3.5674240589141846
307,294.0,3.07e-05,0.0011760000000000002,0.0012067000000000002,4.171320915222168
194,64.0,1.94e-05,0.00025600000000000004,0.0002754,3.1358563899993896
345,245.0,3.45e-05,0.00098,0.0010145,3.860020399093628
222,203.0,2.2200000000000004e-05,0.0008120000000000001,0.0008342000000000001,3.2750892639160156
361,397.0,3.61e-05,0.001588,0.0016241,3.639488697052002
459,1332.0,4.5900000000000004e-05,0.005328,0.0053739,6.3866589069366455
312,200.0,3.1200000000000006e-05,0.0008,0.0008312,3.515087604522705
250,234.0,2.5e-05,0.0009360000000000001,0.000961,3.521618127822876
299,76.0,2.9900000000000002e-05,0.000304,0.00033390000000000004,3.324028253555298
278,170.0,2.78e-05,0.00068,0.0007078000000000001,3.4563100337982178
250,204.0,2.5e-05,0.0008160000000000001,0.0008410000000000001,3.477684736251831
280,255.0,2.8e-05,0.00102,0.001048,3.5855350494384766
238,200.0,2.38e-05,0.0008,0.0008238000000000001,3.47529673576355
221,100.0,2.2100000000000002e-05,0.0004,0.0004221,3.2749133110046387
306,295.0,3.06e-05,0.00118,0.0012106,3.6547229290008545
226,184.0,2.26e-05,0.0007360000000000001,0.0007586000000000001,3.4125213623046875
244,209.0,2.4400000000000004e-05,0.0008360000000000002,0.0008604000000000002,3.3498809337615967
192,84.0,1.9200000000000003e-05,0.00033600000000000004,0.0003552,3.22851300239563
331,390.0,3.31e-05,0.00156,0.0015931,4.04332971572876
250,180.0,2.5e-05,0.00072,0.000745,3.121152639389038
290,240.0,2.9e-05,0.00096,0.000989,3.598841428756714
199,97.0,1.9900000000000003e-05,0.000388,0.0004079,3.297801971435547
295,216.0,2.95e-05,0.000864,0.0008935,3.380502223968506
331,293.0,3.31e-05,0.001172,0.0012051000000000002,4.10298228263855
195,70.0,1.95e-05,0.00028,0.00029949999999999996,3.268629789352417
232,96.0,2.32e-05,0.00038400000000000006,0.0004072000000000001,3.519458293914795
191,11.0,1.91e-05,4.4e-05,6.31e-05,3.4088871479034424
237,125.0,2.3700000000000003e-05,0.0005,0.0005237,3.349951982498169
228,199.0,2.2800000000000002e-05,0.000796,0.0008188000000000001,3.8480026721954346
224,82.0,2.2400000000000002e-05,0.00032800000000000006,0.00035040000000000006,3.427805185317993
189,38.0,1.8900000000000002e-05,0.000152,0.0001709,3.1049091815948486
216,220.0,2.16e-05,0.0008799999999999999,0.0009015999999999999,3.3736066818237305
311,198.0,3.1100000000000004e-05,0.000792,0.0008231,3.3059303760528564
190,11.0,1.9e-05,4.4e-05,6.3e-05,3.001934766769409
306,212.0,3.06e-05,0.0008480000000000001,0.0008786000000000001,3.5351836681365967
225,91.0,2.25e-05,0.00036399999999999996,0.00038649999999999996,4.253321409225464
183,47.0,1.83e-05,0.000188,0.0002063,3.8139278888702393
212,166.0,2.1200000000000004e-05,0.000664,0.0006852,3.2565622329711914
207,11.0,2.0700000000000002e-05,4.4e-05,6.47e-05,3.2123472690582275
194,36.0,1.94e-05,0.000144,0.00016340000000000001,3.382255792617798
232,71.0,2.32e-05,0.000284,0.00030720000000000004,3.2062034606933594
309,278.0,3.09e-05,0.0011120000000000001,0.0011429,3.6022956371307373
245,317.0,2.45e-05,0.0012680000000000002,0.0012925000000000002,4.2135279178619385
199,41.0,1.9900000000000003e-05,0.00016400000000000003,0.00018390000000000002,3.601199150085449
202,43.0,2.0200000000000003e-05,0.00017199999999999998,0.00019219999999999998,4.502917289733887
254,123.0,2.54e-05,0.000492,0.0005174,4.58647084236145
342,419.0,3.4200000000000005e-05,0.0016760000000000004,0.0017102000000000005,4.6037890911102295
203,45.0,2.0300000000000002e-05,0.00018,0.00020030000000000002,2.9548699855804443
367,65.0,3.6700000000000004e-05,0.00026,0.0002967,3.7690703868865967
215,70.0,2.15e-05,0.00028,0.00030149999999999996,3.5411179065704346
255,48.0,2.55e-05,0.00019200000000000003,0.00021750000000000003,3.94819974899292
178,11.0,1.7800000000000002e-05,4.4e-05,6.18e-05,3.724778652191162
213,227.0,2.13e-05,0.0009080000000000002,0.0009293000000000002,3.8730714321136475
275,159.0,2.75e-05,0.0006360000000000001,0.0006635,3.698702573776245
204,48.0,2.04e-05,0.00019200000000000003,0.00021240000000000004,2.913485288619995
229,147.0,2.29e-05,0.0005880000000000001,0.0006109,3.3328423500061035
219,64.0,2.1900000000000004e-05,0.00025600000000000004,0.00027790000000000003,3.2544093132019043
249,125.0,2.4900000000000002e-05,0.0005,0.0005249,3.443363666534424
180,11.0,1.8e-05,4.4e-05,6.2e-05,3.481435775756836
243,136.0,2.43e-05,0.0005440000000000001,0.0005683000000000001,3.3812174797058105
189,71.0,1.8900000000000002e-05,0.000284,0.00030290000000000004,3.2206342220306396
266,199.0,2.6600000000000003e-05,0.000796,0.0008226,3.416621208190918
281,159.0,2.8100000000000002e-05,0.0006360000000000001,0.0006641,3.2563107013702393
359,403.0,3.59e-05,0.0016120000000000002,0.0016479,3.637847900390625
214,55.0,2.1400000000000002e-05,0.00021999999999999998,0.00024139999999999999,3.133246660232544
244,218.0,2.4400000000000004e-05,0.000872,0.0008964000000000001,3.371979236602783
237,121.0,2.3700000000000003e-05,0.00048400000000000006,0.0005077,3.2223830223083496
299,360.0,2.9900000000000002e-05,0.00144,0.0014699000000000001,3.758615255355835
222,39.0,2.2200000000000004e-05,0.00015600000000000002,0.00017820000000000002,3.062276601791382
193,47.0,1.93e-05,0.000188,0.0002073,3.5917718410491943
250,74.0,2.5e-05,0.00029600000000000004,0.00032100000000000005,3.70339035987854
226,138.0,2.26e-05,0.000552,0.0005746,3.262117624282837
213,41.0,2.13e-05,0.00016400000000000003,0.00018530000000000003,2.96207332611084
248,156.0,2.48e-05,0.0006240000000000001,0.0006488,3.5892443656921387
191,66.0,1.91e-05,0.000264,0.0002831,3.188594341278076
307,388.0,3.07e-05,0.001552,0.0015827,4.144456148147583
382,170.0,3.82e-05,0.00068,0.0007182,3.725368022918701
254,159.0,2.54e-05,0.0006360000000000001,0.0006614,3.3396739959716797
206,87.0,2.0600000000000003e-05,0.00034800000000000006,0.00036860000000000007,3.38230562210083
248,183.0,2.48e-05,0.000732,0.0007568,3.4131321907043457
223,49.0,2.23e-05,0.00019600000000000002,0.00021830000000000002,3.390474319458008
207,49.0,2.0700000000000002e-05,0.00019600000000000002,0.0002167,3.3063788414001465
252,200.0,2.5200000000000003e-05,0.0008,0.0008252,3.3652596473693848
261,132.0,2.61e-05,0.000528,0.0005541000000000001,3.4667835235595703
194,42.0,1.94e-05,0.00016800000000000002,0.00018740000000000003,3.0468811988830566
194,11.0,1.94e-05,4.4e-05,6.34e-05,3.121426582336426
188,11.0,1.88e-05,4.4e-05,6.28e-05,3.142518997192383
189,39.0,1.8900000000000002e-05,0.00015600000000000002,0.00017490000000000002,3.1064581871032715
240,195.0,2.4e-05,0.00078,0.000804,3.5577049255371094
191,11.0,1.91e-05,4.4e-05,6.31e-05,2.9635188579559326
227,140.0,2.2700000000000003e-05,0.00056,0.0005826999999999999,3.226644992828369
251,131.0,2.51e-05,0.000524,0.0005491000000000001,3.6351139545440674
272,158.0,2.7200000000000004e-05,0.0006320000000000001,0.0006592000000000001,3.426914691925049
186,58.0,1.86e-05,0.000232,0.0002506,3.300013542175293
259,145.0,2.5900000000000003e-05,0.00058,0.0006059,3.5077004432678223
238,174.0,2.38e-05,0.0006960000000000001,0.0007198000000000001,3.53747820854187
197,49.0,1.9700000000000005e-05,0.00019600000000000002,0.00021570000000000004,3.0578179359436035
375,522.0,3.75e-05,0.002088,0.0021255000000000002,5.02558445930481
270,303.0,2.7e-05,0.001212,0.0012389999999999999,4.2817137241363525
245,137.0,2.45e-05,0.0005480000000000001,0.0005725000000000001,2.9781429767608643
306,388.0,3.06e-05,0.001552,0.0015826,3.8433728218078613
285,86.0,2.85e-05,0.00034399999999999996,0.00037249999999999995,3.100273847579956
347,319.0,3.47e-05,0.0012760000000000002,0.0013107000000000001,3.9479823112487793
311,378.0,3.1100000000000004e-05,0.001512,0.0015431000000000002,3.8458542823791504
268,301.0,2.68e-05,0.001204,0.0012308,3.8183438777923584
236,119.0,2.36e-05,0.00047599999999999997,0.0004996,3.2844653129577637
264,146.0,2.64e-05,0.000584,0.0006104,3.601619243621826
221,121.0,2.2100000000000002e-05,0.00048400000000000006,0.0005061000000000001,3.145374059677124
335,318.0,3.35e-05,0.0012720000000000001,0.0013055000000000002,3.726518154144287
283,208.0,2.83e-05,0.0008320000000000001,0.0008603,3.5442395210266113
263,207.0,2.6300000000000002e-05,0.0008280000000000001,0.0008543000000000001,3.554410457611084
268,178.0,2.68e-05,0.0007120000000000001,0.0007388000000000001,3.500643014907837
326,339.0,3.26e-05,0.001356,0.0013886,3.556378126144409
258,160.0,2.58e-05,0.0006399999999999999,0.0006657999999999999,3.334460735321045
194,48.0,1.94e-05,0.00019200000000000003,0.00021140000000000004,3.108350992202759
279,95.0,2.79e-05,0.00038,0.0004079,3.315972089767456
256,205.0,2.5600000000000002e-05,0.00082,0.0008456,3.6783928871154785
333,240.0,3.33e-05,0.00096,0.0009933000000000001,3.316293954849243
260,183.0,2.6e-05,0.000732,0.000758,3.5628793239593506
294,354.0,2.9400000000000003e-05,0.001416,0.0014454,3.739078998565674
179,11.0,1.79e-05,4.4e-05,6.19e-05,3.1462368965148926
221,48.0,2.2100000000000002e-05,0.00019200000000000003,0.00021410000000000003,2.9916326999664307
198,70.0,1.98e-05,0.00028,0.00029979999999999997,3.359511375427246
380,593.0,3.8e-05,0.002372,0.00241,4.065531969070435
243,180.0,2.43e-05,0.00072,0.0007443,4.1244285106658936
187,44.0,1.87e-05,0.000176,0.0001947,3.7828853130340576
276,158.0,2.76e-05,0.0006320000000000001,0.0006596000000000001,3.488051652908325
316,347.0,3.16e-05,0.0013880000000000001,0.0014196,3.9922473430633545
192,11.0,1.9200000000000003e-05,4.4e-05,6.32e-05,3.4108707904815674
283,323.0,2.83e-05,0.0012920000000000002,0.0013203000000000002,4.356167316436768
203,56.0,2.0300000000000002e-05,0.00022400000000000002,0.00024430000000000003,3.1682047843933105
271,257.0,2.71e-05,0.001028,0.0010551,3.4578757286071777
181,11.0,1.8100000000000003e-05,4.4e-05,6.21e-05,3.0849881172180176
315,238.0,3.15e-05,0.0009519999999999999,0.0009835,3.3940141201019287
342,319.0,3.4200000000000005e-05,0.0012760000000000002,0.0013102000000000003,3.442452907562256
172,36.0,1.7199999999999998e-05,0.000144,0.00016120000000000002,2.938882350921631
200,11.0,2e-05,4.4e-05,6.4e-05,3.1049602031707764
256,116.0,2.5600000000000002e-05,0.000464,0.0004896,3.2706968784332275
311,321.0,3.1100000000000004e-05,0.001284,0.0013151,3.6575160026550293
335,233.0,3.35e-05,0.000932,0.0009655,3.6152219772338867
339,704.0,3.39e-05,0.002816,0.0028499,4.223145008087158
252,221.0,2.5200000000000003e-05,0.000884,0.0009092,3.238576889038086
342,648.0,3.4200000000000005e-05,0.002592,0.0026262,4.147215843200684
205,49.0,2.05e-05,0.00019600000000000002,0.00021650000000000003,2.8919191360473633
306,260.0,3.06e-05,0.00104,0.0010706,4.170492887496948
263,222.0,2.6300000000000002e-05,0.0008880000000000001,0.0009143000000000002,3.4526021480560303
215,98.0,2.15e-05,0.00039200000000000004,0.0004135,3.2340259552001953
249,169.0,2.4900000000000002e-05,0.0006760000000000001,0.0007009000000000001,3.304955244064331
230,202.0,2.3e-05,0.0008080000000000001,0.0008310000000000001,3.3646130561828613
307,348.0,3.07e-05,0.0013920000000000002,0.0014227000000000003,3.758962392807007
256,142.0,2.5600000000000002e-05,0.000568,0.0005936,3.168684720993042
282,154.0,2.8200000000000004e-05,0.000616,0.0006442,3.292736530303955
247,176.0,2.4700000000000004e-05,0.000704,0.0007287,3.3719723224639893
243,44.0,2.43e-05,0.000176,0.0002003,2.9907054901123047
218,173.0,2.18e-05,0.000692,0.0007138,3.39615797996521
262,115.0,2.6200000000000003e-05,0.00046,0.0004862,3.2436323165893555
229,86.0,2.29e-05,0.00034399999999999996,0.0003669,3.8887240886688232
227,143.0,2.2700000000000003e-05,0.000572,0.0005947,3.052511692047119
232,180.0,2.32e-05,0.00072,0.0007432000000000001,3.264197587966919
237,111.0,2.3700000000000003e-05,0.00044400000000000006,0.00046770000000000004,3.3074088096618652
239,282.0,2.39e-05,0.001128,0.0011519000000000002,3.507683277130127
274,330.0,2.7400000000000002e-05,0.00132,0.0013474,4.034408330917358
227,98.0,2.2700000000000003e-05,0.00039200000000000004,0.00041470000000000005,3.126213788986206
348,321.0,3.4800000000000006e-05,0.001284,0.0013188,3.4789955615997314
186,11.0,1.86e-05,4.4e-05,6.26e-05,3.410907506942749
215,11.0,2.15e-05,4.4e-05,6.549999999999999e-05,3.614466667175293
313,303.0,3.13e-05,0.001212,0.0012433,3.7345125675201416
225,76.0,2.25e-05,0.000304,0.0003265,3.422732353210449
186,11.0,1.86e-05,4.4e-05,6.26e-05,2.8513896465301514
250,218.0,2.5e-05,0.000872,0.000897,3.5457842350006104
221,97.0,2.2100000000000002e-05,0.000388,0.0004101,3.1333861351013184
256,180.0,2.5600000000000002e-05,0.00072,0.0007456,3.4929850101470947
186,11.0,1.86e-05,4.4e-05,6.26e-05,2.914560079574585
306,240.0,3.06e-05,0.00096,0.0009906000000000001,3.69948673248291
269,214.0,2.6900000000000003e-05,0.0008560000000000001,0.0008829,3.336914539337158
251,167.0,2.51e-05,0.000668,0.0006931,3.40999174118042
249,142.0,2.4900000000000002e-05,0.000568,0.0005929,3.612865447998047
202,115.0,2.0200000000000003e-05,0.00046,0.0004802,3.182832956314087
180,11.0,1.8e-05,4.4e-05,6.2e-05,2.9710519313812256
224,174.0,2.2400000000000002e-05,0.0006960000000000001,0.0007184000000000001,3.300170660018921
256,265.0,2.5600000000000002e-05,0.00106,0.0010856,3.5143022537231445
195,11.0,1.95e-05,4.4e-05,6.35e-05,2.9730653762817383
204,53.0,2.04e-05,0.00021200000000000003,0.00023240000000000004,3.3102760314941406
265,222.0,2.65e-05,0.0008880000000000001,0.0009145000000000002,3.4627742767333984
279,173.0,2.79e-05,0.000692,0.0007199,3.211416721343994
317,378.0,3.1700000000000005e-05,0.001512,0.0015437,3.7072105407714844
256,190.0,2.5600000000000002e-05,0.00076,0.0007856,3.256263256072998
199,95.0,1.9900000000000003e-05,0.00038,0.0003999,3.198438882827759
256,221.0,2.5600000000000002e-05,0.000884,0.0009096,3.6925690174102783
276,246.0,2.76e-05,0.000984,0.0010116,3.53446626663208
190,41.0,1.9e-05,0.00016400000000000003,0.00018300000000000003,3.056445598602295
312,190.0,3.1200000000000006e-05,0.00076,0.0007912,3.943528413772583
237,130.0,2.3700000000000003e-05,0.00052,0.0005436999999999999,3.283756732940674
201,38.0,2.01e-05,0.000152,0.0001721,2.951171636581421
227,220.0,2.2700000000000003e-05,0.0008799999999999999,0.0009026999999999999,3.420330047607422
336,324.0,3.3600000000000004e-05,0.001296,0.0013296,3.6367855072021484
268,256.0,2.68e-05,0.0010240000000000002,0.0010508000000000002,3.694136381149292
263,226.0,2.6300000000000002e-05,0.0009040000000000001,0.0009303000000000001,3.523749351501465
245,149.0,2.45e-05,0.000596,0.0006205,3.609151601791382
232,75.0,2.32e-05,0.00030000000000000003,0.00032320000000000005,3.5219762325286865
256,253.0,2.5600000000000002e-05,0.001012,0.0010376,3.44387149810791
221,47.0,2.2100000000000002e-05,0.000188,0.00021009999999999998,3.097151756286621
173,11.0,1.73e-05,4.4e-05,6.13e-05,2.976016044616699
282,338.0,2.8200000000000004e-05,0.0013520000000000001,0.0013802,3.8477556705474854
328,518.0,3.2800000000000004e-05,0.002072,0.0021048,3.8072586059570312
360,556.0,3.6e-05,0.0022240000000000003,0.0022600000000000003,3.890897750854492
278,216.0,2.78e-05,0.000864,0.0008918,3.315931797027588
228,152.0,2.2800000000000002e-05,0.000608,0.0006308,3.3113136291503906
296,436.0,2.96e-05,0.001744,0.0017736000000000002,3.7574350833892822
202,44.0,2.0200000000000003e-05,0.000176,0.0001962,3.0271549224853516
192,66.0,1.9200000000000003e-05,0.000264,0.0002832,3.502344846725464
323,229.0,3.2300000000000006e-05,0.000916,0.0009483,3.535648822784424
273,288.0,2.73e-05,0.001152,0.0011793,3.5539417266845703
223,158.0,2.23e-05,0.0006320000000000001,0.0006543,3.198094129562378
267,271.0,2.6700000000000002e-05,0.0010840000000000001,0.0011107,3.775184154510498
328,417.0,3.2800000000000004e-05,0.0016680000000000002,0.0017008000000000001,4.441489934921265
173,51.0,1.73e-05,0.00020400000000000003,0.0002213,3.5449068546295166
343,452.0,3.430000000000001e-05,0.0018080000000000001,0.0018423,4.704875707626343
285,183.0,2.85e-05,0.000732,0.0007605,3.927846908569336
237,145.0,2.3700000000000003e-05,0.00058,0.0006037,3.954253911972046
260,402.0,2.6e-05,0.001608,0.001634,3.613476037979126
270,217.0,2.7e-05,0.0008680000000000001,0.0008950000000000001,3.318269729614258
269,169.0,2.6900000000000003e-05,0.0006760000000000001,0.0007029,3.3081817626953125
339,521.0,3.39e-05,0.002084,0.0021179,3.9512650966644287
185,42.0,1.85e-05,0.00016800000000000002,0.0001865,2.9552853107452393
235,97.0,2.35e-05,0.000388,0.0004115,3.126786947250366
214,49.0,2.1400000000000002e-05,0.00019600000000000002,0.00021740000000000003,3.3476405143737793
223,209.0,2.23e-05,0.0008360000000000002,0.0008583000000000002,3.4907548427581787
198,11.0,1.98e-05,4.4e-05,6.38e-05,3.0241470336914062
217,63.0,2.1700000000000002e-05,0.00025200000000000005,0.00027370000000000004,3.0994527339935303
343,308.0,3.430000000000001e-05,0.001232,0.0012663,3.4573185443878174
244,246.0,2.4400000000000004e-05,0.000984,0.0010084,4.024206161499023
170,51.0,1.7e-05,0.00020400000000000003,0.00022100000000000003,3.474695920944214
297,285.0,2.9700000000000004e-05,0.00114,0.0011696999999999999,3.557722806930542
235,54.0,2.35e-05,0.000216,0.0002395,2.9950873851776123
196,131.0,1.9600000000000002e-05,0.000524,0.0005436000000000001,3.448446035385132
209,134.0,2.0900000000000003e-05,0.000536,0.0005569,3.134547710418701
292,48.0,2.92e-05,0.00019200000000000003,0.00022120000000000004,3.488698720932007
236,127.0,2.36e-05,0.000508,0.0005316,3.6959314346313477
228,111.0,2.2800000000000002e-05,0.00044400000000000006,0.00046680000000000007,3.593125581741333
341,157.0,3.41e-05,0.0006280000000000001,0.0006621000000000001,3.6917076110839844
210,65.0,2.1e-05,0.00026,0.000281,3.476093292236328
240,125.0,2.4e-05,0.0005,0.000524,3.7324867248535156
216,48.0,2.16e-05,0.00019200000000000003,0.00021360000000000004,3.3907525539398193
259,210.0,2.5900000000000003e-05,0.0008399999999999999,0.0008659,3.959124803543091
265,269.0,2.65e-05,0.0010760000000000001,0.0011025000000000002,4.010830879211426
316,305.0,3.16e-05,0.00122,0.0012515999999999998,3.958554267883301
342,479.0,3.4200000000000005e-05,0.0019160000000000002,0.0019502000000000002,4.35572075843811
289,490.0,2.89e-05,0.00196,0.0019889,4.626209020614624
257,170.0,2.57e-05,0.00068,0.0007057000000000001,3.8316943645477295
307,356.0,3.07e-05,0.0014240000000000001,0.0014547000000000002,4.166080951690674
324,372.0,3.24e-05,0.0014880000000000002,0.0015204,4.246514081954956
227,238.0,2.2700000000000003e-05,0.0009519999999999999,0.0009746999999999999,3.682859182357788
244,126.0,2.4400000000000004e-05,0.0005040000000000001,0.0005284000000000002,3.827942371368408
271,91.0,2.71e-05,0.00036399999999999996,0.00039109999999999997,3.684131145477295
216,94.0,2.16e-05,0.000376,0.00039759999999999996,3.5992438793182373
296,188.0,2.96e-05,0.000752,0.0007815999999999999,4.019360303878784
310,350.0,3.1e-05,0.0013999999999999998,0.0014309999999999998,3.958531141281128
295,190.0,2.95e-05,0.00076,0.0007895,3.640761137008667
280,148.0,2.8e-05,0.0005920000000000001,0.0006200000000000001,3.686978340148926
199,120.0,1.9900000000000003e-05,0.00048,0.0004999000000000001,3.55210542678833
201,39.0,2.01e-05,0.00015600000000000002,0.00017610000000000002,3.907460927963257
314,242.0,3.1400000000000004e-05,0.0009680000000000001,0.0009994000000000001,3.8402347564697266
227,36.0,2.2700000000000003e-05,0.000144,0.0001667,3.6270716190338135
341,375.0,3.41e-05,0.0014999999999999998,0.0015340999999999998,4.327530384063721
254,189.0,2.54e-05,0.000756,0.0007814,3.9474546909332275
327,248.0,3.27e-05,0.000992,0.0010247000000000001,4.180113315582275
218,153.0,2.18e-05,0.0006119999999999999,0.0006337999999999999,3.711850166320801
175,11.0,1.75e-05,4.4e-05,6.15e-05,3.5352611541748047
224,45.0,2.2400000000000002e-05,0.00018,0.00020240000000000001,3.524050712585449
301,315.0,3.01e-05,0.00126,0.0012901,4.00126051902771
315,431.0,3.15e-05,0.0017240000000000003,0.0017555000000000003,4.477029800415039
287,122.0,2.8700000000000003e-05,0.00048800000000000004,0.0005167,3.668241262435913
180,67.0,1.8e-05,0.000268,0.000286,3.5744175910949707
241,216.0,2.4100000000000003e-05,0.000864,0.0008881,3.899030923843384
257,248.0,2.57e-05,0.000992,0.0010177,3.819805383682251
297,175.0,2.9700000000000004e-05,0.0006999999999999999,0.0007296999999999999,4.526031255722046
296,370.0,2.96e-05,0.00148,0.0015096,4.642725467681885
234,170.0,2.3400000000000003e-05,0.00068,0.0007034000000000001,3.943631172180176
234,118.0,2.3400000000000003e-05,0.00047200000000000003,0.0004954,4.0372889041900635
261,141.0,2.61e-05,0.000564,0.0005901000000000001,3.7958309650421143
232,74.0,2.32e-05,0.00029600000000000004,0.00031920000000000006,3.8543128967285156
230,87.0,2.3e-05,0.00034800000000000006,0.0003710000000000001,3.8844869136810303
210,40.0,2.1e-05,0.00015999999999999999,0.00018099999999999998,3.657784938812256
193,39.0,1.93e-05,0.00015600000000000002,0.00017530000000000003,3.722963571548462
330,339.0,3.3e-05,0.001356,0.001389,4.210306882858276
249,172.0,2.4900000000000002e-05,0.0006879999999999999,0.0007128999999999999,3.7796669006347656
202,217.0,2.0200000000000003e-05,0.0008680000000000001,0.0008882,3.817603588104248
223,137.0,2.23e-05,0.0005480000000000001,0.0005703000000000001,3.718719244003296
202,79.0,2.0200000000000003e-05,0.00031600000000000004,0.00033620000000000004,3.7595343589782715
316,323.0,3.16e-05,0.0012920000000000002,0.0013236,4.09359884262085
320,376.0,3.2e-05,0.001504,0.0015359999999999998,4.7320404052734375
176,11.0,1.76e-05,4.4e-05,6.16e-05,3.252324342727661
199,11.0,1.9900000000000003e-05,4.4e-05,6.390000000000001e-05,3.472895622253418
264,238.0,2.64e-05,0.0009519999999999999,0.0009784,4.508367538452148
227,303.0,2.2700000000000003e-05,0.001212,0.0012347,3.9488718509674072
336,263.0,3.3600000000000004e-05,0.001052,0.0010856,4.585958242416382
295,409.0,2.95e-05,0.0016360000000000003,0.0016655000000000003,4.353683233261108
215,174.0,2.15e-05,0.0006960000000000001,0.0007175000000000001,3.945601463317871
320,381.0,3.2e-05,0.0015240000000000002,0.001556,4.1377012729644775
264,351.0,2.64e-05,0.0014039999999999999,0.0014303999999999999,3.864447832107544
324,337.0,3.24e-05,0.0013480000000000002,0.0013804000000000002,5.069236993789673
316,217.0,3.16e-05,0.0008680000000000001,0.0008996000000000001,4.398871421813965
197,44.0,1.9700000000000005e-05,0.000176,0.00019569999999999999,4.4130518436431885
210,11.0,2.1e-05,4.4e-05,6.5e-05,3.8613152503967285
280,337.0,2.8e-05,0.0013480000000000002,0.0013760000000000003,4.716182231903076
352,125.0,3.52e-05,0.0005,0.0005352,4.0095367431640625
216,112.0,2.16e-05,0.00044800000000000005,0.00046960000000000003,3.632438898086548
232,147.0,2.32e-05,0.0005880000000000001,0.0006112000000000001,4.741268873214722
400,182.0,4e-05,0.0007279999999999999,0.0007679999999999999,3.982306957244873
252,196.0,2.5200000000000003e-05,0.0007840000000000001,0.0008092,3.815762758255005
215,82.0,2.15e-05,0.00032800000000000006,0.00034950000000000004,3.730282783508301
211,64.0,2.11e-05,0.00025600000000000004,0.00027710000000000007,3.6453628540039062
317,190.0,3.1700000000000005e-05,0.00076,0.0007917,4.0090320110321045
192,68.0,1.9200000000000003e-05,0.00027200000000000005,0.00029120000000000003,4.01206374168396
341,434.0,3.41e-05,0.0017360000000000001,0.0017701000000000001,4.337796211242676
264,236.0,2.64e-05,0.0009440000000000001,0.0009704000000000001,4.080918788909912
269,149.0,2.6900000000000003e-05,0.000596,0.0006229,3.766364574432373
297,480.0,2.9700000000000004e-05,0.00192,0.0019497,4.499301910400391
205,173.0,2.05e-05,0.000692,0.0007125,3.740095853805542
231,83.0,2.3100000000000002e-05,0.000332,0.0003551,3.5814218521118164
217,340.0,2.1700000000000002e-05,0.00136,0.0013817,4.752215147018433
176,39.0,1.76e-05,0.00015600000000000002,0.00017360000000000002,4.11407208442688
211,11.0,2.11e-05,4.4e-05,6.51e-05,4.029531717300415
200,32.0,2e-05,0.00012800000000000002,0.00014800000000000002,3.813704013824463
205,39.0,2.05e-05,0.00015600000000000002,0.00017650000000000003,4.26532769203186
265,280.0,2.65e-05,0.00112,0.0011465,4.789738893508911
322,326.0,3.2200000000000003e-05,0.001304,0.0013362,4.6386942863464355
310,243.0,3.1e-05,0.000972,0.001003,4.571885585784912
224,113.0,2.2400000000000002e-05,0.00045200000000000004,0.00047440000000000004,3.8022303581237793
299,286.0,2.9900000000000002e-05,0.001144,0.0011739,4.173123359680176
227,74.0,2.2700000000000003e-05,0.00029600000000000004,0.00031870000000000005,3.425973415374756
219,99.0,2.1900000000000004e-05,0.000396,0.00041789999999999997,3.6314268112182617
205,47.0,2.05e-05,0.000188,0.0002085,3.4011926651000977
238,283.0,2.38e-05,0.001132,0.0011558,3.9555633068084717
240,97.0,2.4e-05,0.000388,0.000412,3.5475375652313232
264,273.0,2.64e-05,0.001092,0.0011184,4.351855754852295
184,41.0,1.8400000000000003e-05,0.00016400000000000003,0.00018240000000000004,3.284034013748169
212,81.0,2.1200000000000004e-05,0.000324,0.00034520000000000004,3.6421525478363037
211,76.0,2.11e-05,0.000304,0.00032510000000000004,4.116414546966553
256,142.0,2.5600000000000002e-05,0.000568,0.0005936,3.930976390838623
389,402.0,3.8900000000000004e-05,0.001608,0.0016469,4.161431789398193
306,197.0,3.06e-05,0.0007880000000000002,0.0008186000000000002,3.6811718940734863
283,268.0,2.83e-05,0.001072,0.0011003,3.985004186630249
298,235.0,2.98e-05,0.00094,0.0009697999999999999,3.596712350845337
267,234.0,2.6700000000000002e-05,0.0009360000000000001,0.0009627000000000001,3.816180467605591
255,77.0,2.55e-05,0.000308,0.00033350000000000003,3.4406771659851074
196,44.0,1.9600000000000002e-05,0.000176,0.00019559999999999998,3.566545009613037
376,970.0,3.76e-05,0.0038799999999999998,0.003917599999999999,5.143167972564697
242,110.0,2.4200000000000002e-05,0.00043999999999999996,0.00046419999999999995,3.7540743350982666
214,238.0,2.1400000000000002e-05,0.0009519999999999999,0.0009733999999999999,3.828488349914551
219,160.0,2.1900000000000004e-05,0.0006399999999999999,0.0006619,3.731586217880249
199,40.0,1.9900000000000003e-05,0.00015999999999999999,0.00017989999999999998,3.5750842094421387
226,202.0,2.26e-05,0.0008080000000000001,0.0008306000000000001,3.911562204360962
266,141.0,2.6600000000000003e-05,0.000564,0.0005906,3.6789636611938477
249,128.0,2.4900000000000002e-05,0.0005120000000000001,0.0005369000000000001,3.776613712310791
195,46.0,1.95e-05,0.00018400000000000003,0.0002035,3.9543538093566895
271,118.0,2.71e-05,0.00047200000000000003,0.0004991,3.5180249214172363
328,468.0,3.2800000000000004e-05,0.0018720000000000002,0.0019048000000000001,4.331820487976074
313,79.0,3.13e-05,0.00031600000000000004,0.00034730000000000004,3.4332823753356934
199,39.0,1.9900000000000003e-05,0.00015600000000000002,0.00017590000000000002,3.506805896759033
266,142.0,2.6600000000000003e-05,0.000568,0.0005946,3.725322723388672
266,219.0,2.6600000000000003e-05,0.0008760000000000002,0.0009026000000000001,3.761061668395996
330,620.0,3.3e-05,0.00248,0.002513,4.566257953643799
209,40.0,2.0900000000000003e-05,0.00015999999999999999,0.00018089999999999998,3.235466718673706
200,11.0,2e-05,4.4e-05,6.4e-05,3.600079298019409
427,745.0,4.27e-05,0.00298,0.0030227,5.398765325546265
233,74.0,2.33e-05,0.00029600000000000004,0.00031930000000000006,3.565061330795288
219,105.0,2.1900000000000004e-05,0.00041999999999999996,0.00044189999999999995,3.846414804458618
190,49.0,1.9e-05,0.00019600000000000002,0.00021500000000000002,4.019718170166016
278,322.0,2.78e-05,0.001288,0.0013158,4.753830671310425
313,260.0,3.13e-05,0.00104,0.0010712999999999999,4.552576541900635
188,39.0,1.88e-05,0.00015600000000000002,0.00017480000000000002,3.7623026371002197
200,68.0,2e-05,0.00027200000000000005,0.00029200000000000005,3.712446451187134
251,129.0,2.51e-05,0.000516,0.0005411,3.948854446411133
222,82.0,2.2200000000000004e-05,0.00032800000000000006,0.00035020000000000006,3.5074827671051025
246,121.0,2.46e-05,0.00048400000000000006,0.0005086000000000001,3.7515740394592285
267,263.0,2.6700000000000002e-05,0.001052,0.0010787,3.8044004440307617
246,142.0,2.46e-05,0.000568,0.0005926,3.623143196105957
282,175.0,2.8200000000000004e-05,0.0006999999999999999,0.0007281999999999999,3.7112226486206055
303,407.0,3.03e-05,0.001628,0.0016583000000000001,4.212838172912598
301,303.0,3.01e-05,0.001212,0.0012420999999999999,3.6457936763763428
293,189.0,2.93e-05,0.000756,0.0007853000000000001,3.898778200149536
381,544.0,3.8100000000000005e-05,0.0021760000000000004,0.0022141000000000005,4.757771730422974
249,233.0,2.4900000000000002e-05,0.000932,0.0009569,4.174440145492554
238,218.0,2.38e-05,0.000872,0.0008958000000000001,4.391393661499023
289,119.0,2.89e-05,0.00047599999999999997,0.0005049,3.7597029209136963
260,183.0,2.6e-05,0.000732,0.000758,4.4212682247161865
257,233.0,2.57e-05,0.000932,0.0009577,3.9255471229553223
190,92.0,1.9e-05,0.00036800000000000005,0.0003870000000000001,3.399534225463867
258,210.0,2.58e-05,0.0008399999999999999,0.0008657999999999999,3.838240385055542
224,80.0,2.2400000000000002e-05,0.00031999999999999997,0.0003424,3.7425267696380615
255,96.0,2.55e-05,0.00038400000000000006,0.0004095000000000001,3.6732914447784424
212,74.0,2.1200000000000004e-05,0.00029600000000000004,0.00031720000000000007,3.6984217166900635
288,158.0,2.8800000000000002e-05,0.0006320000000000001,0.0006608000000000001,4.280440092086792
188,43.0,1.88e-05,0.00017199999999999998,0.00019079999999999998,3.3188493251800537
263,223.0,2.6300000000000002e-05,0.000892,0.0009183,3.8917860984802246
265,114.0,2.65e-05,0.000456,0.0004825,3.862222909927368
242,50.0,2.4200000000000002e-05,0.0002,0.0002242,3.5144059658050537
302,118.0,3.0200000000000002e-05,0.00047200000000000003,0.0005022000000000001,4.496927738189697
217,164.0,2.1700000000000002e-05,0.0006560000000000001,0.0006777000000000002,4.0705718994140625
239,179.0,2.39e-05,0.0007160000000000001,0.0007399,4.051780700683594
280,320.0,2.8e-05,0.0012799999999999999,0.001308,4.125373840332031
277,201.0,2.7700000000000002e-05,0.000804,0.0008317,3.9678497314453125
268,180.0,2.68e-05,0.00072,0.0007468,3.939199447631836
225,82.0,2.25e-05,0.00032800000000000006,0.00035050000000000006,4.002747058868408
202,74.0,2.0200000000000003e-05,0.00029600000000000004,0.00031620000000000004,3.484731435775757
316,372.0,3.16e-05,0.0014880000000000002,0.0015196,3.9685986042022705
259,66.0,2.5900000000000003e-05,0.000264,0.0002899,3.449460029602051
247,100.0,2.4700000000000004e-05,0.0004,0.0004247,3.733640432357788
356,460.0,3.5600000000000005e-05,0.00184,0.0018756,4.325077056884766
198,11.0,1.98e-05,4.4e-05,6.38e-05,3.198392629623413
280,305.0,2.8e-05,0.00122,0.001248,4.152531147003174
240,137.0,2.4e-05,0.0005480000000000001,0.0005720000000000001,3.568814277648926
208,42.0,2.08e-05,0.00016800000000000002,0.0001888,3.4380905628204346
290,328.0,2.9e-05,0.0013120000000000002,0.0013410000000000002,4.491912603378296
371,449.0,3.71e-05,0.0017960000000000003,0.0018331000000000003,4.311453580856323
246,85.0,2.46e-05,0.00034,0.0003646,3.4695210456848145
317,366.0,3.1700000000000005e-05,0.001464,0.0014957,4.114516258239746
287,233.0,2.8700000000000003e-05,0.000932,0.0009607,3.579857110977173
245,86.0,2.45e-05,0.00034399999999999996,0.00036849999999999996,3.2343316078186035
320,222.0,3.2e-05,0.0008880000000000001,0.0009200000000000001,3.6104297637939453
307,360.0,3.07e-05,0.00144,0.0014707000000000001,3.5339596271514893
219,108.0,2.1900000000000004e-05,0.000432,0.0004539,3.0570597648620605
265,203.0,2.65e-05,0.0008120000000000001,0.0008385000000000002,3.4777350425720215
285,256.0,2.85e-05,0.0010240000000000002,0.0010525000000000003,3.434738874435425
219,124.0,2.1900000000000004e-05,0.000496,0.0005179000000000001,3.233170509338379
256,248.0,2.5600000000000002e-05,0.000992,0.0010176,3.539360284805298
210,37.0,2.1e-05,0.00014800000000000002,0.00016900000000000002,3.111935615539551
331,389.0,3.31e-05,0.001556,0.0015891000000000002,3.7644004821777344
291,232.0,2.9100000000000003e-05,0.000928,0.0009571,3.5527396202087402
205,116.0,2.05e-05,0.000464,0.0004845,3.272101640701294
334,461.0,3.34e-05,0.0018440000000000002,0.0018774000000000002,4.171796560287476
197,36.0,1.9700000000000005e-05,0.000144,0.00016370000000000002,2.96928071975708
259,220.0,2.5900000000000003e-05,0.0008799999999999999,0.0009059,3.399160623550415
244,113.0,2.4400000000000004e-05,0.00045200000000000004,0.00047640000000000003,3.1431162357330322
220,61.0,2.2e-05,0.00024400000000000002,0.000266,3.055950164794922
202,64.0,2.0200000000000003e-05,0.00025600000000000004,0.00027620000000000005,2.9529364109039307
223,139.0,2.23e-05,0.0005560000000000001,0.0005783000000000001,3.2380924224853516
230,163.0,2.3e-05,0.000652,0.000675,3.3323137760162354
323,364.0,3.2300000000000006e-05,0.0014559999999999998,0.0014883,3.736259937286377
267,306.0,2.6700000000000002e-05,0.0012239999999999998,0.0012506999999999998,3.3018314838409424
235,73.0,2.35e-05,0.000292,0.00031549999999999997,3.0499930381774902
299,212.0,2.9900000000000002e-05,0.0008480000000000001,0.0008779000000000001,3.4780194759368896
191,36.0,1.91e-05,0.000144,0.0001631,2.959399700164795
338,322.0,3.38e-05,0.001288,0.0013218000000000001,3.5846126079559326
252,138.0,2.5200000000000003e-05,0.000552,0.0005771999999999999,3.7537038326263428
261,78.0,2.61e-05,0.00031200000000000005,0.00033810000000000003,3.0404698848724365
261,172.0,2.61e-05,0.0006879999999999999,0.0007141,4.196974754333496
327,370.0,3.27e-05,0.00148,0.0015127,4.130661964416504
284,82.0,2.8400000000000003e-05,0.00032800000000000006,0.00035640000000000004,3.2140657901763916
184,42.0,1.8400000000000003e-05,0.00016800000000000002,0.00018640000000000003,3.1958703994750977
255,152.0,2.55e-05,0.000608,0.0006335000000000001,3.367015838623047
272,366.0,2.7200000000000004e-05,0.001464,0.0014912,3.67673659324646
227,224.0,2.2700000000000003e-05,0.0008960000000000001,0.0009187,4.213810682296753
312,290.0,3.1200000000000006e-05,0.00116,0.0011912000000000001,3.5279483795166016
211,84.0,2.11e-05,0.00033600000000000004,0.00035710000000000006,3.492427349090576
201,79.0,2.01e-05,0.00031600000000000004,0.00033610000000000004,3.466400623321533
218,71.0,2.18e-05,0.000284,0.0003058,3.641206741333008
201,75.0,2.01e-05,0.00030000000000000003,0.00032010000000000003,3.697756767272949
225,66.0,2.25e-05,0.000264,0.0002865,3.492159128189087
292,191.0,2.92e-05,0.000764,0.0007932,3.808929920196533
297,256.0,2.9700000000000004e-05,0.0010240000000000002,0.0010537,3.8386383056640625
213,51.0,2.13e-05,0.00020400000000000003,0.00022530000000000003,3.3323607444763184
397,877.0,3.97e-05,0.0035080000000000003,0.0035477000000000004,4.9430272579193115
181,82.0,1.8100000000000003e-05,0.00032800000000000006,0.00034610000000000006,3.2917747497558594
180,11.0,1.8e-05,4.4e-05,6.2e-05,4.172294855117798
179,42.0,1.79e-05,0.00016800000000000002,0.00018590000000000002,3.7786753177642822
226,103.0,2.26e-05,0.00041200000000000004,0.00043460000000000005,3.6140248775482178
287,208.0,2.8700000000000003e-05,0.0008320000000000001,0.0008607,3.9327518939971924
276,264.0,2.76e-05,0.001056,0.0010836,3.6968748569488525
273,302.0,2.73e-05,0.001208,0.0012353000000000002,4.212490081787109
192,11.0,1.9200000000000003e-05,4.4e-05,6.32e-05,3.3585903644561768
227,182.0,2.2700000000000003e-05,0.0007279999999999999,0.0007506999999999999,4.020246267318726
237,241.0,2.3700000000000003e-05,0.0009640000000000001,0.0009877000000000002,3.840632200241089
188,11.0,1.88e-05,4.4e-05,6.28e-05,3.5589804649353027
309,356.0,3.09e-05,0.0014240000000000001,0.0014549,4.047152280807495
178,11.0,1.7800000000000002e-05,4.4e-05,6.18e-05,3.406360387802124
302,357.0,3.0200000000000002e-05,0.001428,0.0014582,4.287689208984375
306,308.0,3.06e-05,0.001232,0.0012626,3.715108633041382
244,143.0,2.4400000000000004e-05,0.000572,0.0005964000000000001,3.5664312839508057
239,96.0,2.39e-05,0.00038400000000000006,0.00040790000000000005,3.6398603916168213
304,359.0,3.0400000000000004e-05,0.001436,0.0014664,4.404374837875366
227,99.0,2.2700000000000003e-05,0.000396,0.0004187,4.146543025970459
189,11.0,1.8900000000000002e-05,4.4e-05,6.29e-05,3.473797559738159
238,84.0,2.38e-05,0.00033600000000000004,0.0003598,3.6800918579101562
255,201.0,2.55e-05,0.000804,0.0008295,4.138979196548462
195,48.0,1.95e-05,0.00019200000000000003,0.00021150000000000005,3.449995756149292
293,399.0,2.93e-05,0.0015960000000000002,0.0016253,4.04705286026001
193,66.0,1.93e-05,0.000264,0.0002833,3.6340863704681396
272,347.0,2.7200000000000004e-05,0.0013880000000000001,0.0014152000000000001,3.9408419132232666
293,324.0,2.93e-05,0.001296,0.0013253,4.107984781265259
263,292.0,2.6300000000000002e-05,0.001168,0.0011943,3.7473888397216797
238,144.0,2.38e-05,0.000576,0.0005998,3.740410804748535
213,141.0,2.13e-05,0.000564,0.0005853000000000001,3.748508930206299
230,79.0,2.3e-05,0.00031600000000000004,0.00033900000000000005,3.5464439392089844
241,174.0,2.4100000000000003e-05,0.0006960000000000001,0.0007201000000000001,3.98799729347229
269,350.0,2.6900000000000003e-05,0.0013999999999999998,0.0014268999999999998,4.245828151702881
306,219.0,3.06e-05,0.0008760000000000002,0.0009066000000000001,4.4246015548706055
297,221.0,2.9700000000000004e-05,0.000884,0.0009137,3.937108039855957
233,126.0,2.33e-05,0.0005040000000000001,0.0005273000000000001,3.462015151977539
297,285.0,2.9700000000000004e-05,0.00114,0.0011696999999999999,4.047255277633667
208,84.0,2.08e-05,0.00033600000000000004,0.00035680000000000005,3.480544328689575
284,183.0,2.8400000000000003e-05,0.000732,0.0007604,3.7731783390045166
268,199.0,2.68e-05,0.000796,0.0008228,3.6161887645721436
182,11.0,1.82e-05,4.4e-05,6.22e-05,3.509876251220703
222,81.0,2.2200000000000004e-05,0.000324,0.0003462,3.7803657054901123
182,11.0,1.82e-05,4.4e-05,6.22e-05,3.6088876724243164
305,314.0,3.05e-05,0.0012560000000000002,0.0012865,4.131917476654053
247,203.0,2.4700000000000004e-05,0.0008120000000000001,0.0008367000000000001,3.6594231128692627
195,66.0,1.95e-05,0.000264,0.0002835,3.6824488639831543
201,66.0,2.01e-05,0.000264,0.0002841,3.604383945465088
241,125.0,2.4100000000000003e-05,0.0005,0.0005241,3.7518348693847656
215,115.0,2.15e-05,0.00046,0.0004815,4.037825345993042
178,11.0,1.7800000000000002e-05,4.4e-05,6.18e-05,3.6949586868286133
190,49.0,1.9e-05,0.00019600000000000002,0.00021500000000000002,3.6853902339935303
197,11.0,1.9700000000000005e-05,4.4e-05,6.37e-05,3.498504161834717
270,236.0,2.7e-05,0.0009440000000000001,0.0009710000000000001,3.9600114822387695
258,84.0,2.58e-05,0.00033600000000000004,0.0003618,3.4697065353393555
298,327.0,2.98e-05,0.0013080000000000001,0.0013378,4.085129499435425
237,156.0,2.3700000000000003e-05,0.0006240000000000001,0.0006477000000000001,3.5340700149536133
276,405.0,2.76e-05,0.0016200000000000001,0.0016476000000000001,4.383504390716553
213,242.0,2.13e-05,0.0009680000000000001,0.0009893,3.9465255737304688
309,186.0,3.09e-05,0.0007440000000000001,0.0007749000000000001,3.7182772159576416
220,49.0,2.2e-05,0.00019600000000000002,0.000218,3.4096450805664062
205,161.0,2.05e-05,0.000644,0.0006645,3.7024900913238525
285,291.0,2.85e-05,0.001164,0.0011925000000000002,4.059151649475098
293,312.0,2.93e-05,0.0012480000000000002,0.0012773,4.032433748245239
249,232.0,2.4900000000000002e-05,0.000928,0.0009529,3.7296457290649414
264,190.0,2.64e-05,0.00076,0.0007864,4.307601690292358
267,295.0,2.6700000000000002e-05,0.00118,0.0012067,4.30293083190918
212,80.0,2.1200000000000004e-05,0.00031999999999999997,0.0003412,4.140338897705078
247,334.0,2.4700000000000004e-05,0.001336,0.0013606999999999998,4.491152286529541
277,203.0,2.7700000000000002e-05,0.0008120000000000001,0.0008397000000000001,4.245223522186279
268,198.0,2.68e-05,0.000792,0.0008188,3.8202321529388428
206,73.0,2.0600000000000003e-05,0.000292,0.0003126,3.2872793674468994
225,217.0,2.25e-05,0.0008680000000000001,0.0008905,4.065681219100952
222,118.0,2.2200000000000004e-05,0.00047200000000000003,0.0004942000000000001,3.573439359664917
298,315.0,2.98e-05,0.00126,0.0012898,3.9985358715057373
314,338.0,3.1400000000000004e-05,0.0013520000000000001,0.0013834000000000001,3.841946601867676
234,45.0,2.3400000000000003e-05,0.00018,0.0002034,3.3096864223480225
237,100.0,2.3700000000000003e-05,0.0004,0.0004237,3.631549835205078
303,147.0,3.03e-05,0.0005880000000000001,0.0006183000000000001,3.831925868988037
296,175.0,2.96e-05,0.0006999999999999999,0.0007295999999999998,3.689645290374756
258,194.0,2.58e-05,0.000776,0.0008018,4.1233437061309814
260,189.0,2.6e-05,0.000756,0.000782,3.9314124584198
276,127.0,2.76e-05,0.000508,0.0005356,3.7262206077575684
209,144.0,2.0900000000000003e-05,0.000576,0.0005969,3.7272534370422363
302,428.0,3.0200000000000002e-05,0.0017120000000000002,0.0017422000000000002,4.20952582359314
225,252.0,2.25e-05,0.0010080000000000002,0.0010305000000000002,3.7075021266937256
192,39.0,1.9200000000000003e-05,0.00015600000000000002,0.00017520000000000003,3.47647762298584
243,117.0,2.43e-05,0.00046800000000000005,0.0004923000000000001,3.7177345752716064
213,159.0,2.13e-05,0.0006360000000000001,0.0006573000000000001,3.5610508918762207
215,49.0,2.15e-05,0.00019600000000000002,0.00021750000000000003,3.5446934700012207
253,152.0,2.5300000000000002e-05,0.000608,0.0006333,3.8254785537719727
269,153.0,2.6900000000000003e-05,0.0006119999999999999,0.0006389,3.671407699584961
313,278.0,3.13e-05,0.0011120000000000001,0.0011433,3.9824461936950684
196,11.0,1.9600000000000002e-05,4.4e-05,6.36e-05,3.4901480674743652
279,123.0,2.79e-05,0.000492,0.0005199,3.9636898040771484
288,74.0,2.8800000000000002e-05,0.00029600000000000004,0.00032480000000000003,3.742994546890259
225,76.0,2.25e-05,0.000304,0.0003265,4.048463344573975
175,11.0,1.75e-05,4.4e-05,6.15e-05,3.6889865398406982
235,137.0,2.35e-05,0.0005480000000000001,0.0005715000000000001,4.450376987457275
243,160.0,2.43e-05,0.0006399999999999999,0.0006642999999999999,4.00957465171814
255,186.0,2.55e-05,0.0007440000000000001,0.0007695000000000001,4.486505508422852
252,70.0,2.5200000000000003e-05,0.00028,0.0003052,4.056951284408569
213,84.0,2.13e-05,0.00033600000000000004,0.0003573,4.215983152389526
188,274.0,1.88e-05,0.0010960000000000002,0.0011148000000000002,4.207683324813843
284,127.0,2.8400000000000003e-05,0.000508,0.0005364,3.8441355228424072
229,185.0,2.29e-05,0.00074,0.0007629,3.9468636512756348
297,232.0,2.9700000000000004e-05,0.000928,0.0009577,4.004511117935181
284,73.0,2.8400000000000003e-05,0.000292,0.0003204,3.6195452213287354
231,267.0,2.3100000000000002e-05,0.0010680000000000002,0.0010911000000000002,4.018422842025757
273,174.0,2.73e-05,0.0006960000000000001,0.0007233000000000001,3.8810040950775146
273,222.0,2.73e-05,0.0008880000000000001,0.0009153000000000001,4.027137756347656
273,236.0,2.73e-05,0.0009440000000000001,0.0009713,4.110160827636719
204,81.0,2.04e-05,0.000324,0.0003444,3.770745038986206
244,151.0,2.4400000000000004e-05,0.000604,0.0006284000000000001,3.9550418853759766
288,246.0,2.8800000000000002e-05,0.000984,0.0010128000000000001,4.212958097457886
193,54.0,1.93e-05,0.000216,0.0002353,3.574911117553711
347,346.0,3.47e-05,0.001384,0.0014187,4.3894734382629395
244,160.0,2.4400000000000004e-05,0.0006399999999999999,0.0006644,3.676734447479248
257,121.0,2.57e-05,0.00048400000000000006,0.0005097000000000001,3.7973968982696533
239,87.0,2.39e-05,0.00034800000000000006,0.00037190000000000004,3.7948360443115234
302,292.0,3.0200000000000002e-05,0.001168,0.0011982,4.252642631530762
197,51.0,1.9700000000000005e-05,0.00020400000000000003,0.00022370000000000002,3.584549903869629
303,399.0,3.03e-05,0.0015960000000000002,0.0016263000000000002,4.659559011459351
293,443.0,2.93e-05,0.0017720000000000001,0.0018013,4.570477485656738
182,36.0,1.82e-05,0.000144,0.0001622,3.5900392532348633
191,48.0,1.91e-05,0.00019200000000000003,0.00021110000000000004,3.715613842010498
172,10.0,1.7199999999999998e-05,3.9999999999999996e-05,5.7199999999999994e-05,3.930602788925171
310,399.0,3.1e-05,0.0015960000000000002,0.0016270000000000002,4.673104524612427
324,451.0,3.24e-05,0.001804,0.0018364,4.13788914680481
172,40.0,1.7199999999999998e-05,0.00015999999999999999,0.00017719999999999997,3.5755324363708496
201,75.0,2.01e-05,0.00030000000000000003,0.00032010000000000003,3.6656365394592285
223,48.0,2.23e-05,0.00019200000000000003,0.00021430000000000003,3.7403712272644043
200,36.0,2e-05,0.000144,0.000164,3.8200857639312744
259,123.0,2.5900000000000003e-05,0.000492,0.0005179000000000001,4.621156692504883
317,263.0,3.1700000000000005e-05,0.001052,0.0010837,3.985198497772217
333,297.0,3.33e-05,0.0011880000000000003,0.0012213000000000002,4.154094219207764
246,330.0,2.46e-05,0.00132,0.0013446,4.25249457359314
201,44.0,2.01e-05,0.000176,0.0001961,4.036756277084351
244,253.0,2.4400000000000004e-05,0.001012,0.0010364,4.400322198867798
184,37.0,1.8400000000000003e-05,0.00014800000000000002,0.00016640000000000003,3.582629919052124
220,101.0,2.2e-05,0.00040400000000000006,0.00042600000000000005,3.9439589977264404
264,359.0,2.64e-05,0.001436,0.0014624,4.591086149215698
271,288.0,2.71e-05,0.001152,0.0011791,4.118267774581909
228,187.0,2.2800000000000002e-05,0.000748,0.0007708,3.8901875019073486
284,269.0,2.8400000000000003e-05,0.0010760000000000001,0.0011044000000000002,4.149174213409424
198,11.0,1.98e-05,4.4e-05,6.38e-05,3.5677576065063477
234,150.0,2.3400000000000003e-05,0.0006000000000000001,0.0006234000000000001,4.167696475982666
312,144.0,3.1200000000000006e-05,0.000576,0.0006072,3.8178112506866455
189,46.0,1.8900000000000002e-05,0.00018400000000000003,0.00020290000000000003,3.6510913372039795
188,11.0,1.88e-05,4.4e-05,6.28e-05,3.8209941387176514
257,243.0,2.57e-05,0.000972,0.0009977,4.341712236404419
309,188.0,3.09e-05,0.000752,0.0007829,4.093228101730347
237,146.0,2.3700000000000003e-05,0.000584,0.0006077,4.35778284072876
187,39.0,1.87e-05,0.00015600000000000002,0.00017470000000000002,3.5925405025482178
206,40.0,2.0600000000000003e-05,0.00015999999999999999,0.0001806,3.708747386932373
308,104.0,3.08e-05,0.00041600000000000003,0.0004468,3.667065382003784
304,346.0,3.0400000000000004e-05,0.001384,0.0014144000000000001,4.760319709777832
296,547.0,2.96e-05,0.002188,0.0022175999999999997,4.672497510910034
224,108.0,2.2400000000000002e-05,0.000432,0.0004544,3.5716161727905273
296,368.0,2.96e-05,0.0014720000000000002,0.0015016000000000003,4.77254319190979
214,74.0,2.1400000000000002e-05,0.00029600000000000004,0.0003174,3.7530879974365234
267,314.0,2.6700000000000002e-05,0.0012560000000000002,0.0012827000000000001,4.249525308609009
268,68.0,2.68e-05,0.00027200000000000005,0.00029880000000000005,3.7042713165283203
204,116.0,2.04e-05,0.000464,0.0004844,3.926464319229126
267,183.0,2.6700000000000002e-05,0.000732,0.0007587000000000001,3.93491268157959
205,141.0,2.05e-05,0.000564,0.0005845000000000001,3.8582162857055664
